Date,country,category,value_MW
2023/12/31 22:00,BG,Biomass,19.05
2023/12/31 22:00,BG,Fossil Coal,1254.3000000000002
2023/12/31 22:00,BG,Fossil Gas,331.95
2023/12/31 22:00,BG,Hydro,72.1
2023/12/31 22:00,BG,Nuclear,2123.9
2023/12/31 22:00,GR,Fossil Coal,343.75
2023/12/31 22:00,GR,Fossil Gas,1446.75
2023/12/31 22:00,GR,Hydro,104.0
2023/12/31 22:00,RO,Biomass,31.5
2023/12/31 22:00,RO,Fossil Coal,839.0
2023/12/31 22:00,RO,Fossil Gas,1443.25
2023/12/31 22:00,RO,Hydro,1412.0
2023/12/31 22:00,RO,Nuclear,1396.0
2023/12/31 23:00,AT,Biomass,144.0
2023/12/31 23:00,AT,Fossil Gas,33.0
2023/12/31 23:00,AT,Hydro,2768.2
2023/12/31 23:00,DE,Biomass,4094.7
2023/12/31 23:00,DE,Fossil Coal,5378.924999999999
2023/12/31 23:00,DE,Fossil Gas,2442.8999999999996
2023/12/31 23:00,DE,Fossil Oil,398.04999999999995
2023/12/31 23:00,DE,Hydro,984.175
2023/12/31 23:00,ES,Biomass,247.0
2023/12/31 23:00,ES,Fossil Coal,280.0
2023/12/31 23:00,ES,Fossil Gas,4437.0
2023/12/31 23:00,ES,Fossil Oil,21.0
2023/12/31 23:00,ES,Hydro,4051.0
2023/12/31 23:00,ES,Nuclear,7096.0
2023/12/31 23:00,FR,Biomass,343.0
2023/12/31 23:00,FR,Fossil Coal,15.5
2023/12/31 23:00,FR,Fossil Gas,1803.75
2023/12/31 23:00,FR,Fossil Oil,183.25
2023/12/31 23:00,FR,Hydro,4078.25
2023/12/31 23:00,FR,Nuclear,38047.25
2023/12/31 23:00,HR,Biomass,76.0
2023/12/31 23:00,HR,Fossil Gas,235.9
2023/12/31 23:00,HR,Hydro,54.0
2023/12/31 23:00,HU,Biomass,78.625
2023/12/31 23:00,HU,Fossil Coal,256.05
2023/12/31 23:00,HU,Fossil Gas,350.29999999999995
2023/12/31 23:00,HU,Hydro,7.3
2023/12/31 23:00,HU,Nuclear,1877.6
2023/12/31 23:00,IT,Biomass,336.0
2023/12/31 23:00,IT,Fossil Coal,1177.25
2023/12/31 23:00,IT,Fossil Gas,7405.25
2023/12/31 23:00,IT,Fossil Oil,21.75
2023/12/31 23:00,IT,Hydro,1481.25
2023/12/31 23:00,PL,Biomass,272.85
2023/12/31 23:00,PL,Fossil Coal,7827.875000000001
2023/12/31 23:00,PL,Fossil Gas,1543.225
2023/12/31 23:00,PL,Fossil Oil,371.45
2023/12/31 23:00,PL,Hydro,266.575
2023/12/31 23:00,RO,Biomass,31.5
2023/12/31 23:00,RO,Fossil Coal,809.75
2023/12/31 23:00,RO,Fossil Gas,1428.25
2023/12/31 23:00,RO,Hydro,877.75
2023/12/31 23:00,RO,Nuclear,1396.25
2023/12/31 23:00,RS,Biomass,30.0
2023/12/31 23:00,RS,Fossil Coal,2403.25
2023/12/31 23:00,RS,Fossil Gas,208.5
2023/12/31 23:00,RS,Hydro,1578.25
2023/12/31 23:00,SK,Biomass,106.60000000000001
2023/12/31 23:00,SK,Fossil Coal,13.125
2023/12/31 23:00,SK,Fossil Gas,99.52499999999999
2023/12/31 23:00,SK,Fossil Oil,49.025000000000006
2023/12/31 23:00,SK,Hydro,537.5
2023/12/31 23:00,SK,Nuclear,2432.975
2024/1/1 0:00,AT,Biomass,143.0
2024/1/1 0:00,AT,Fossil Gas,33.3
2024/1/1 0:00,AT,Hydro,2605.9
2024/1/1 0:00,DE,Biomass,4056.8
2024/1/1 0:00,DE,Fossil Coal,5317.925
2024/1/1 0:00,DE,Fossil Gas,2384.625
2024/1/1 0:00,DE,Fossil Oil,397.875
2024/1/1 0:00,DE,Hydro,426.975
2024/1/1 0:00,ES,Biomass,235.0
2024/1/1 0:00,ES,Fossil Coal,275.0
2024/1/1 0:00,ES,Fossil Gas,4331.0
2024/1/1 0:00,ES,Fossil Oil,20.0
2024/1/1 0:00,ES,Hydro,3366.0
2024/1/1 0:00,ES,Nuclear,7096.0
2024/1/1 0:00,HR,Biomass,76.0
2024/1/1 0:00,HR,Fossil Gas,220.70000000000002
2024/1/1 0:00,HR,Hydro,36.20000000000002
2024/1/1 0:00,HU,Biomass,80.075
2024/1/1 0:00,HU,Fossil Coal,248.725
2024/1/1 0:00,HU,Fossil Gas,359.725
2024/1/1 0:00,HU,Hydro,7.3
2024/1/1 0:00,HU,Nuclear,1681.625
2024/1/1 0:00,RO,Biomass,31.25
2024/1/1 0:00,RO,Fossil Coal,841.0
2024/1/1 0:00,RO,Fossil Gas,1426.0
2024/1/1 0:00,RO,Hydro,872.0
2024/1/1 0:00,RO,Nuclear,1396.0
2024/1/1 10:00,AT,Biomass,136.0
2024/1/1 10:00,AT,Fossil Gas,32.6
2024/1/1 10:00,AT,Hydro,2482.3
2024/1/1 10:00,BG,Biomass,19.125
2024/1/1 10:00,BG,Fossil Coal,1192.925
2024/1/1 10:00,BG,Fossil Gas,306.875
2024/1/1 10:00,BG,Hydro,100.2
2024/1/1 10:00,BG,Nuclear,2123.5249999999996
2024/1/1 10:00,DE,Biomass,4204.65
2024/1/1 10:00,DE,Fossil Coal,5400.075
2024/1/1 10:00,DE,Fossil Gas,2341.75
2024/1/1 10:00,DE,Fossil Oil,397.75
2024/1/1 10:00,DE,Hydro,-665.8250000000003
2024/1/1 10:00,ES,Biomass,209.0
2024/1/1 10:00,ES,Fossil Coal,272.0
2024/1/1 10:00,ES,Fossil Gas,3279.0
2024/1/1 10:00,ES,Fossil Oil,20.0
2024/1/1 10:00,ES,Hydro,-1994.0
2024/1/1 10:00,ES,Nuclear,7092.0
2024/1/1 10:00,GR,Fossil Coal,332.0
2024/1/1 10:00,GR,Fossil Gas,444.25
2024/1/1 10:00,GR,Hydro,14.25
2024/1/1 10:00,HR,Biomass,76.0
2024/1/1 10:00,HR,Fossil Gas,280.6
2024/1/1 10:00,HR,Hydro,542.4
2024/1/1 10:00,HU,Biomass,85.625
2024/1/1 10:00,HU,Fossil Coal,238.05
2024/1/1 10:00,HU,Fossil Gas,196.85
2024/1/1 10:00,HU,Fossil Oil,0.05
2024/1/1 10:00,HU,Hydro,6.999999999999999
2024/1/1 10:00,HU,Nuclear,1866.975
2024/1/1 10:00,RO,Biomass,30.75
2024/1/1 10:00,RO,Fossil Coal,724.5
2024/1/1 10:00,RO,Fossil Gas,1390.0
2024/1/1 10:00,RO,Hydro,936.75
2024/1/1 10:00,RO,Nuclear,1395.25
2024/1/1 11:00,AT,Biomass,136.0
2024/1/1 11:00,AT,Fossil Gas,31.6
2024/1/1 11:00,AT,Hydro,2187.9000000000005
2024/1/1 11:00,DE,Biomass,4144.225
2024/1/1 11:00,DE,Fossil Coal,5425.475
2024/1/1 11:00,DE,Fossil Gas,2372.8
2024/1/1 11:00,DE,Fossil Oil,398.4
2024/1/1 11:00,DE,Hydro,-210.52499999999964
2024/1/1 11:00,ES,Biomass,209.0
2024/1/1 11:00,ES,Fossil Coal,271.0
2024/1/1 11:00,ES,Fossil Gas,3009.0
2024/1/1 11:00,ES,Fossil Oil,20.0
2024/1/1 11:00,ES,Hydro,-2319.0
2024/1/1 11:00,ES,Nuclear,7092.0
2024/1/1 11:00,FR,Biomass,342.5
2024/1/1 11:00,FR,Fossil Coal,16.0
2024/1/1 11:00,FR,Fossil Gas,1893.25
2024/1/1 11:00,FR,Fossil Oil,191.0
2024/1/1 11:00,FR,Hydro,4048.25
2024/1/1 11:00,FR,Nuclear,36964.25
2024/1/1 11:00,HR,Biomass,76.0
2024/1/1 11:00,HR,Fossil Gas,280.2
2024/1/1 11:00,HR,Hydro,537.1000000000001
2024/1/1 11:00,HU,Biomass,82.5
2024/1/1 11:00,HU,Fossil Coal,231.175
2024/1/1 11:00,HU,Fossil Gas,310.8
2024/1/1 11:00,HU,Hydro,7.3
2024/1/1 11:00,HU,Nuclear,1844.5749999999998
2024/1/1 11:00,IT,Biomass,308.5
2024/1/1 11:00,IT,Fossil Coal,1182.5
2024/1/1 11:00,IT,Fossil Gas,7820.75
2024/1/1 11:00,IT,Fossil Oil,16.0
2024/1/1 11:00,IT,Hydro,2310.75
2024/1/1 11:00,PL,Biomass,273.54999999999995
2024/1/1 11:00,PL,Fossil Coal,8814.150000000001
2024/1/1 11:00,PL,Fossil Gas,1924.3999999999999
2024/1/1 11:00,PL,Fossil Oil,368.04999999999995
2024/1/1 11:00,PL,Hydro,486.725
2024/1/1 11:00,RO,Biomass,30.75
2024/1/1 11:00,RO,Fossil Coal,731.25
2024/1/1 11:00,RO,Fossil Gas,1402.25
2024/1/1 11:00,RO,Hydro,943.5
2024/1/1 11:00,RO,Nuclear,1395.0
2024/1/1 11:00,RS,Biomass,30.0
2024/1/1 11:00,RS,Fossil Coal,2345.5
2024/1/1 11:00,RS,Fossil Gas,216.25
2024/1/1 11:00,RS,Hydro,1789.0
2024/1/1 11:00,SK,Biomass,105.92500000000001
2024/1/1 11:00,SK,Fossil Coal,13.600000000000001
2024/1/1 11:00,SK,Fossil Gas,116.85
2024/1/1 11:00,SK,Fossil Oil,49.625
2024/1/1 11:00,SK,Hydro,882.95
2024/1/1 11:00,SK,Nuclear,2435.3999999999996
2024/1/1 12:00,AT,Biomass,139.0
2024/1/1 12:00,AT,Fossil Gas,31.700000000000003
2024/1/1 12:00,AT,Hydro,2250.2
2024/1/1 12:00,DE,Biomass,4130.775
2024/1/1 12:00,DE,Fossil Coal,5395.85
2024/1/1 12:00,DE,Fossil Gas,2330.7
2024/1/1 12:00,DE,Fossil Oil,398.57500000000005
2024/1/1 12:00,DE,Hydro,-219.8000000000003
2024/1/1 12:00,ES,Biomass,214.0
2024/1/1 12:00,ES,Fossil Coal,260.0
2024/1/1 12:00,ES,Fossil Gas,2860.0
2024/1/1 12:00,ES,Fossil Oil,20.0
2024/1/1 12:00,ES,Hydro,-2613.0
2024/1/1 12:00,ES,Nuclear,7092.0
2024/1/1 12:00,HR,Biomass,76.0
2024/1/1 12:00,HR,Fossil Gas,280.4
2024/1/1 12:00,HR,Hydro,546.0
2024/1/1 12:00,HU,Biomass,86.19999999999999
2024/1/1 12:00,HU,Fossil Coal,245.375
2024/1/1 12:00,HU,Fossil Gas,416.20000000000005
2024/1/1 12:00,HU,Hydro,7.3
2024/1/1 12:00,HU,Nuclear,1873.3
2024/1/1 12:00,RO,Biomass,32.0
2024/1/1 12:00,RO,Fossil Coal,733.5
2024/1/1 12:00,RO,Fossil Gas,1409.75
2024/1/1 12:00,RO,Hydro,971.5
2024/1/1 12:00,RO,Nuclear,1395.0
2024/1/1 13:00,AT,Biomass,140.0
2024/1/1 13:00,AT,Fossil Gas,31.5
2024/1/1 13:00,AT,Hydro,2560.4
2024/1/1 13:00,DE,Biomass,4170.9
2024/1/1 13:00,DE,Fossil Coal,5550.75
2024/1/1 13:00,DE,Fossil Gas,2371.875
2024/1/1 13:00,DE,Fossil Oil,398.275
2024/1/1 13:00,DE,Hydro,1972.3500000000001
2024/1/1 13:00,ES,Biomass,209.0
2024/1/1 13:00,ES,Fossil Coal,260.0
2024/1/1 13:00,ES,Fossil Gas,3103.0
2024/1/1 13:00,ES,Fossil Oil,20.0
2024/1/1 13:00,ES,Hydro,-2366.0
2024/1/1 13:00,ES,Nuclear,7092.0
2024/1/1 13:00,HR,Biomass,76.0
2024/1/1 13:00,HR,Fossil Gas,281.0
2024/1/1 13:00,HR,Hydro,705.6000000000001
2024/1/1 13:00,HU,Biomass,86.625
2024/1/1 13:00,HU,Fossil Coal,245.675
2024/1/1 13:00,HU,Fossil Gas,459.7
2024/1/1 13:00,HU,Hydro,7.2749999999999995
2024/1/1 13:00,HU,Nuclear,1874.35
2024/1/1 13:00,RO,Biomass,32.0
2024/1/1 13:00,RO,Fossil Coal,731.75
2024/1/1 13:00,RO,Fossil Gas,1410.0
2024/1/1 13:00,RO,Hydro,1213.0
2024/1/1 13:00,RO,Nuclear,1395.75
2024/1/1 14:00,AT,Biomass,140.0
2024/1/1 14:00,AT,Fossil Gas,30.7
2024/1/1 14:00,AT,Hydro,3623.7
2024/1/1 14:00,BG,Biomass,19.575
2024/1/1 14:00,BG,Fossil Coal,1444.0000000000002
2024/1/1 14:00,BG,Fossil Gas,327.95
2024/1/1 14:00,BG,Hydro,357.625
2024/1/1 14:00,BG,Nuclear,2123.4
2024/1/1 14:00,DE,Biomass,4273.275
2024/1/1 14:00,DE,Fossil Coal,5553.475
2024/1/1 14:00,DE,Fossil Gas,2456.5250000000005
2024/1/1 14:00,DE,Fossil Oil,398.225
2024/1/1 14:00,DE,Hydro,3425.6499999999996
2024/1/1 14:00,ES,Biomass,210.0
2024/1/1 14:00,ES,Fossil Coal,257.0
2024/1/1 14:00,ES,Fossil Gas,3137.0
2024/1/1 14:00,ES,Fossil Oil,20.0
2024/1/1 14:00,ES,Hydro,-2260.0
2024/1/1 14:00,ES,Nuclear,7092.0
2024/1/1 14:00,GR,Fossil Coal,351.75
2024/1/1 14:00,GR,Fossil Gas,917.75
2024/1/1 14:00,GR,Hydro,1052.75
2024/1/1 14:00,HR,Biomass,76.0
2024/1/1 14:00,HR,Fossil Gas,280.7
2024/1/1 14:00,HR,Hydro,906.3
2024/1/1 14:00,HU,Biomass,90.525
2024/1/1 14:00,HU,Fossil Coal,248.525
2024/1/1 14:00,HU,Fossil Gas,512.6500000000001
2024/1/1 14:00,HU,Hydro,7.199999999999999
2024/1/1 14:00,HU,Nuclear,1873.725
2024/1/1 14:00,RO,Biomass,32.0
2024/1/1 14:00,RO,Fossil Coal,736.0
2024/1/1 14:00,RO,Fossil Gas,1420.25
2024/1/1 14:00,RO,Hydro,1918.75
2024/1/1 14:00,RO,Nuclear,1396.0
2024/1/1 15:00,AT,Biomass,138.0
2024/1/1 15:00,AT,Fossil Gas,31.0
2024/1/1 15:00,AT,Hydro,6236.5
2024/1/1 15:00,DE,Biomass,4459.225
2024/1/1 15:00,DE,Fossil Coal,5641.05
2024/1/1 15:00,DE,Fossil Gas,2895.1
2024/1/1 15:00,DE,Fossil Oil,398.125
2024/1/1 15:00,DE,Hydro,4231.674999999999
2024/1/1 15:00,ES,Biomass,208.0
2024/1/1 15:00,ES,Fossil Coal,252.0
2024/1/1 15:00,ES,Fossil Gas,3041.0
2024/1/1 15:00,ES,Fossil Oil,20.0
2024/1/1 15:00,ES,Hydro,-2220.0
2024/1/1 15:00,ES,Nuclear,7092.0
2024/1/1 15:00,FR,Biomass,343.0
2024/1/1 15:00,FR,Fossil Coal,15.75
2024/1/1 15:00,FR,Fossil Gas,1878.0
2024/1/1 15:00,FR,Fossil Oil,190.75
2024/1/1 15:00,FR,Hydro,9277.75
2024/1/1 15:00,FR,Nuclear,41858.0
2024/1/1 15:00,HR,Biomass,76.0
2024/1/1 15:00,HR,Fossil Gas,280.8
2024/1/1 15:00,HR,Hydro,1002.3000000000001
2024/1/1 15:00,HU,Biomass,99.0
2024/1/1 15:00,HU,Fossil Coal,265.27500000000003
2024/1/1 15:00,HU,Fossil Gas,496.575
2024/1/1 15:00,HU,Hydro,7.174999999999999
2024/1/1 15:00,HU,Nuclear,1882.4499999999998
2024/1/1 15:00,IT,Biomass,321.5
2024/1/1 15:00,IT,Fossil Coal,1183.75
2024/1/1 15:00,IT,Fossil Gas,11097.0
2024/1/1 15:00,IT,Fossil Oil,21.75
2024/1/1 15:00,IT,Hydro,5427.25
2024/1/1 15:00,PL,Biomass,273.07500000000005
2024/1/1 15:00,PL,Fossil Coal,8610.300000000001
2024/1/1 15:00,PL,Fossil Gas,1942.65
2024/1/1 15:00,PL,Fossil Oil,369.42499999999995
2024/1/1 15:00,PL,Hydro,523.5999999999999
2024/1/1 15:00,RO,Biomass,32.0
2024/1/1 15:00,RO,Fossil Coal,730.5
2024/1/1 15:00,RO,Fossil Gas,1411.0
2024/1/1 15:00,RO,Hydro,2058.75
2024/1/1 15:00,RO,Nuclear,1396.5
2024/1/1 15:00,RS,Biomass,30.0
2024/1/1 15:00,RS,Fossil Coal,2483.75
2024/1/1 15:00,RS,Fossil Gas,214.0
2024/1/1 15:00,RS,Hydro,1620.0
2024/1/1 15:00,SK,Biomass,110.975
2024/1/1 15:00,SK,Fossil Coal,13.875
2024/1/1 15:00,SK,Fossil Gas,127.94999999999999
2024/1/1 15:00,SK,Fossil Oil,49.225
2024/1/1 15:00,SK,Hydro,1349.875
2024/1/1 15:00,SK,Nuclear,2434.525
2024/1/1 16:00,AT,Biomass,137.0
2024/1/1 16:00,AT,Fossil Gas,33.6
2024/1/1 16:00,AT,Hydro,6768.5
2024/1/1 16:00,DE,Biomass,4594.05
2024/1/1 16:00,DE,Fossil Coal,5880.974999999999
2024/1/1 16:00,DE,Fossil Gas,3125.25
2024/1/1 16:00,DE,Fossil Oil,398.17499999999995
2024/1/1 16:00,DE,Hydro,5570.625
2024/1/1 16:00,ES,Biomass,214.0
2024/1/1 16:00,ES,Fossil Coal,252.0
2024/1/1 16:00,ES,Fossil Gas,3954.0
2024/1/1 16:00,ES,Fossil Oil,20.0
2024/1/1 16:00,ES,Hydro,595.0
2024/1/1 16:00,ES,Nuclear,7092.0
2024/1/1 16:00,HR,Biomass,76.0
2024/1/1 16:00,HR,Fossil Gas,280.4
2024/1/1 16:00,HR,Hydro,1147.8999999999999
2024/1/1 16:00,HU,Biomass,98.625
2024/1/1 16:00,HU,Fossil Coal,260.1
2024/1/1 16:00,HU,Fossil Gas,508.25
2024/1/1 16:00,HU,Hydro,7.074999999999999
2024/1/1 16:00,HU,Nuclear,1880.325
2024/1/1 16:00,RO,Biomass,32.0
2024/1/1 16:00,RO,Fossil Coal,710.75
2024/1/1 16:00,RO,Fossil Gas,1380.5
2024/1/1 16:00,RO,Hydro,2027.25
2024/1/1 16:00,RO,Nuclear,1396.5
2024/1/1 17:00,AT,Biomass,140.0
2024/1/1 17:00,AT,Fossil Gas,33.300000000000004
2024/1/1 17:00,AT,Hydro,6712.4
2024/1/1 17:00,DE,Biomass,4637.55
2024/1/1 17:00,DE,Fossil Coal,5930.0
2024/1/1 17:00,DE,Fossil Gas,3129.45
2024/1/1 17:00,DE,Fossil Oil,398.07500000000005
2024/1/1 17:00,DE,Hydro,6797.725
2024/1/1 17:00,ES,Biomass,227.0
2024/1/1 17:00,ES,Fossil Coal,252.0
2024/1/1 17:00,ES,Fossil Gas,3657.0
2024/1/1 17:00,ES,Fossil Oil,34.0
2024/1/1 17:00,ES,Hydro,4199.0
2024/1/1 17:00,ES,Nuclear,7091.0
2024/1/1 17:00,HR,Biomass,76.0
2024/1/1 17:00,HR,Fossil Gas,280.1
2024/1/1 17:00,HR,Hydro,1155.7
2024/1/1 17:00,HU,Biomass,99.27499999999999
2024/1/1 17:00,HU,Fossil Coal,258.55
2024/1/1 17:00,HU,Fossil Gas,496.975
2024/1/1 17:00,HU,Hydro,7.1
2024/1/1 17:00,HU,Nuclear,1879.3000000000002
2024/1/1 17:00,RO,Biomass,32.0
2024/1/1 17:00,RO,Fossil Coal,734.75
2024/1/1 17:00,RO,Fossil Gas,1428.0
2024/1/1 17:00,RO,Hydro,2070.5
2024/1/1 17:00,RO,Nuclear,1396.75
2024/1/1 18:00,AT,Biomass,140.0
2024/1/1 18:00,AT,Fossil Gas,33.2
2024/1/1 18:00,AT,Hydro,6358.799999999999
2024/1/1 18:00,BG,Biomass,20.4
2024/1/1 18:00,BG,Fossil Coal,1355.85
2024/1/1 18:00,BG,Fossil Gas,338.95
2024/1/1 18:00,BG,Hydro,156.0
2024/1/1 18:00,BG,Nuclear,2123.1000000000004
2024/1/1 18:00,DE,Biomass,4597.224999999999
2024/1/1 18:00,DE,Fossil Coal,5984.9
2024/1/1 18:00,DE,Fossil Gas,2942.275
2024/1/1 18:00,DE,Fossil Oil,398.1
2024/1/1 18:00,DE,Hydro,5535.374999999999
2024/1/1 18:00,ES,Biomass,237.0
2024/1/1 18:00,ES,Fossil Coal,252.0
2024/1/1 18:00,ES,Fossil Gas,3163.0
2024/1/1 18:00,ES,Fossil Oil,44.0
2024/1/1 18:00,ES,Hydro,5787.0
2024/1/1 18:00,ES,Nuclear,7090.0
2024/1/1 18:00,GR,Fossil Coal,358.0
2024/1/1 18:00,GR,Fossil Gas,1160.75
2024/1/1 18:00,GR,Hydro,1023.75
2024/1/1 18:00,HR,Biomass,76.0
2024/1/1 18:00,HR,Fossil Gas,280.3
2024/1/1 18:00,HR,Hydro,1153.3000000000002
2024/1/1 18:00,HU,Biomass,99.52499999999999
2024/1/1 18:00,HU,Fossil Coal,255.825
2024/1/1 18:00,HU,Fossil Gas,495.25000000000006
2024/1/1 18:00,HU,Hydro,7.1
2024/1/1 18:00,HU,Nuclear,1880.525
2024/1/1 18:00,RO,Biomass,32.0
2024/1/1 18:00,RO,Fossil Coal,730.0
2024/1/1 18:00,RO,Fossil Gas,1421.0
2024/1/1 18:00,RO,Hydro,2169.75
2024/1/1 18:00,RO,Nuclear,1397.0
2024/1/1 19:00,AT,Biomass,140.0
2024/1/1 19:00,AT,Fossil Gas,33.1
2024/1/1 19:00,AT,Hydro,5482.799999999999
2024/1/1 19:00,DE,Biomass,4481.8
2024/1/1 19:00,DE,Fossil Coal,5950.7
2024/1/1 19:00,DE,Fossil Gas,2801.1499999999996
2024/1/1 19:00,DE,Fossil Oil,397.90000000000003
2024/1/1 19:00,DE,Hydro,3579.3
2024/1/1 19:00,ES,Biomass,232.0
2024/1/1 19:00,ES,Fossil Coal,252.0
2024/1/1 19:00,ES,Fossil Gas,2999.0
2024/1/1 19:00,ES,Fossil Oil,44.0
2024/1/1 19:00,ES,Hydro,6363.0
2024/1/1 19:00,ES,Nuclear,7088.0
2024/1/1 19:00,FR,Biomass,342.25
2024/1/1 19:00,FR,Fossil Coal,15.75
2024/1/1 19:00,FR,Fossil Gas,1894.75
2024/1/1 19:00,FR,Fossil Oil,190.25
2024/1/1 19:00,FR,Hydro,8978.0
2024/1/1 19:00,FR,Nuclear,43180.75
2024/1/1 19:00,HR,Biomass,76.0
2024/1/1 19:00,HR,Fossil Gas,280.5
2024/1/1 19:00,HR,Hydro,896.1000000000001
2024/1/1 19:00,HU,Biomass,99.5
2024/1/1 19:00,HU,Fossil Coal,245.825
2024/1/1 19:00,HU,Fossil Gas,477.45
2024/1/1 19:00,HU,Hydro,7.1
2024/1/1 19:00,HU,Nuclear,1878.4250000000002
2024/1/1 19:00,IT,Biomass,335.75
2024/1/1 19:00,IT,Fossil Coal,1178.5
2024/1/1 19:00,IT,Fossil Gas,10903.5
2024/1/1 19:00,IT,Fossil Oil,19.75
2024/1/1 19:00,IT,Hydro,3969.0
2024/1/1 19:00,PL,Biomass,274.825
2024/1/1 19:00,PL,Fossil Coal,8498.45
2024/1/1 19:00,PL,Fossil Gas,1905.6
2024/1/1 19:00,PL,Fossil Oil,370.47499999999997
2024/1/1 19:00,PL,Hydro,400.825
2024/1/1 19:00,RO,Biomass,31.75
2024/1/1 19:00,RO,Fossil Coal,722.75
2024/1/1 19:00,RO,Fossil Gas,1409.0
2024/1/1 19:00,RO,Hydro,2032.0
2024/1/1 19:00,RO,Nuclear,1397.0
2024/1/1 19:00,RS,Biomass,30.0
2024/1/1 19:00,RS,Fossil Coal,2464.75
2024/1/1 19:00,RS,Fossil Gas,213.25
2024/1/1 19:00,RS,Hydro,1563.25
2024/1/1 19:00,SK,Biomass,105.72500000000001
2024/1/1 19:00,SK,Fossil Coal,13.825000000000001
2024/1/1 19:00,SK,Fossil Gas,113.725
2024/1/1 19:00,SK,Fossil Oil,47.625
2024/1/1 19:00,SK,Hydro,1105.45
2024/1/1 19:00,SK,Nuclear,2441.55
2024/1/1 1:00,AT,Biomass,140.0
2024/1/1 1:00,AT,Fossil Gas,32.8
2024/1/1 1:00,AT,Hydro,2345.7
2024/1/1 1:00,DE,Biomass,4040.45
2024/1/1 1:00,DE,Fossil Coal,5298.375
2024/1/1 1:00,DE,Fossil Gas,2408.125
2024/1/1 1:00,DE,Fossil Oil,398.025
2024/1/1 1:00,DE,Hydro,-90.87500000000023
2024/1/1 1:00,ES,Biomass,221.0
2024/1/1 1:00,ES,Fossil Coal,272.0
2024/1/1 1:00,ES,Fossil Gas,4326.0
2024/1/1 1:00,ES,Fossil Oil,20.0
2024/1/1 1:00,ES,Hydro,2911.0
2024/1/1 1:00,ES,Nuclear,7096.0
2024/1/1 1:00,HR,Biomass,76.0
2024/1/1 1:00,HR,Fossil Gas,220.5
2024/1/1 1:00,HR,Hydro,52.30000000000001
2024/1/1 1:00,HU,Biomass,80.1
2024/1/1 1:00,HU,Fossil Coal,248.225
2024/1/1 1:00,HU,Fossil Gas,370.9
2024/1/1 1:00,HU,Hydro,7.3
2024/1/1 1:00,HU,Nuclear,1643.9
2024/1/1 1:00,RO,Biomass,32.0
2024/1/1 1:00,RO,Fossil Coal,844.0
2024/1/1 1:00,RO,Fossil Gas,1432.0
2024/1/1 1:00,RO,Hydro,844.25
2024/1/1 1:00,RO,Nuclear,1396.0
2024/1/1 20:00,AT,Biomass,140.0
2024/1/1 20:00,AT,Fossil Gas,33.400000000000006
2024/1/1 20:00,AT,Hydro,4740.4
2024/1/1 20:00,DE,Biomass,4391.775
2024/1/1 20:00,DE,Fossil Coal,5778.900000000001
2024/1/1 20:00,DE,Fossil Gas,2826.625
2024/1/1 20:00,DE,Fossil Oil,398.05
2024/1/1 20:00,DE,Hydro,3024.8
2024/1/1 20:00,ES,Biomass,234.0
2024/1/1 20:00,ES,Fossil Coal,252.0
2024/1/1 20:00,ES,Fossil Gas,3217.0
2024/1/1 20:00,ES,Fossil Oil,44.0
2024/1/1 20:00,ES,Hydro,6758.0
2024/1/1 20:00,ES,Nuclear,7088.0
2024/1/1 20:00,HR,Biomass,76.0
2024/1/1 20:00,HR,Fossil Gas,281.0
2024/1/1 20:00,HR,Hydro,820.3
2024/1/1 20:00,HU,Biomass,100.125
2024/1/1 20:00,HU,Fossil Coal,261.425
2024/1/1 20:00,HU,Fossil Gas,475.125
2024/1/1 20:00,HU,Hydro,7.1
2024/1/1 20:00,HU,Nuclear,1879.1
2024/1/1 20:00,RO,Biomass,32.0
2024/1/1 20:00,RO,Fossil Coal,728.5
2024/1/1 20:00,RO,Fossil Gas,1419.75
2024/1/1 20:00,RO,Hydro,1923.75
2024/1/1 20:00,RO,Nuclear,1396.5
2024/1/1 21:00,AT,Biomass,140.0
2024/1/1 21:00,AT,Fossil Gas,32.9
2024/1/1 21:00,AT,Hydro,4516.8
2024/1/1 21:00,DE,Biomass,4279.799999999999
2024/1/1 21:00,DE,Fossil Coal,5690.825
2024/1/1 21:00,DE,Fossil Gas,2729.75
2024/1/1 21:00,DE,Fossil Oil,398.225
2024/1/1 21:00,DE,Hydro,2237.1000000000004
2024/1/1 21:00,ES,Biomass,230.0
2024/1/1 21:00,ES,Fossil Coal,252.0
2024/1/1 21:00,ES,Fossil Gas,2961.0
2024/1/1 21:00,ES,Fossil Oil,44.0
2024/1/1 21:00,ES,Hydro,5901.0
2024/1/1 21:00,ES,Nuclear,7088.0
2024/1/1 21:00,HR,Biomass,76.0
2024/1/1 21:00,HR,Fossil Gas,281.2
2024/1/1 21:00,HR,Hydro,808.0999999999999
2024/1/1 21:00,HU,Biomass,101.375
2024/1/1 21:00,HU,Fossil Coal,256.175
2024/1/1 21:00,HU,Fossil Gas,487.0
2024/1/1 21:00,HU,Hydro,7.1
2024/1/1 21:00,HU,Nuclear,1879.3249999999998
2024/1/1 21:00,RO,Biomass,32.0
2024/1/1 21:00,RO,Fossil Coal,726.5
2024/1/1 21:00,RO,Fossil Gas,1411.25
2024/1/1 21:00,RO,Hydro,1571.0
2024/1/1 21:00,RO,Nuclear,1396.25
2024/1/1 22:00,AT,Biomass,140.0
2024/1/1 22:00,AT,Fossil Gas,32.699999999999996
2024/1/1 22:00,AT,Hydro,3155.8
2024/1/1 22:00,BG,Biomass,19.325
2024/1/1 22:00,BG,Fossil Coal,1186.4250000000002
2024/1/1 22:00,BG,Fossil Gas,339.15000000000003
2024/1/1 22:00,BG,Hydro,69.95
2024/1/1 22:00,BG,Nuclear,2122.7000000000003
2024/1/1 22:00,DE,Biomass,4170.625
2024/1/1 22:00,DE,Fossil Coal,5568.425
2024/1/1 22:00,DE,Fossil Gas,2715.175
2024/1/1 22:00,DE,Fossil Oil,398.4
2024/1/1 22:00,DE,Hydro,1144.8749999999995
2024/1/1 22:00,ES,Biomass,217.0
2024/1/1 22:00,ES,Fossil Coal,252.0
2024/1/1 22:00,ES,Fossil Gas,3121.0
2024/1/1 22:00,ES,Fossil Oil,44.0
2024/1/1 22:00,ES,Hydro,3819.0
2024/1/1 22:00,ES,Nuclear,7090.0
2024/1/1 22:00,GR,Fossil Coal,351.25
2024/1/1 22:00,GR,Fossil Gas,864.25
2024/1/1 22:00,GR,Hydro,95.5
2024/1/1 22:00,HR,Biomass,76.0
2024/1/1 22:00,HR,Fossil Gas,282.3
2024/1/1 22:00,HR,Hydro,806.3
2024/1/1 22:00,HU,Biomass,101.0
2024/1/1 22:00,HU,Fossil Coal,261.075
2024/1/1 22:00,HU,Fossil Gas,485.525
2024/1/1 22:00,HU,Hydro,7.1
2024/1/1 22:00,HU,Nuclear,1880.85
2024/1/1 22:00,RO,Biomass,32.0
2024/1/1 22:00,RO,Fossil Coal,722.5
2024/1/1 22:00,RO,Fossil Gas,1403.25
2024/1/1 22:00,RO,Hydro,1358.5
2024/1/1 22:00,RO,Nuclear,1396.25
2024/1/1 23:00,AT,Biomass,140.0
2024/1/1 23:00,AT,Fossil Gas,32.699999999999996
2024/1/1 23:00,AT,Hydro,1845.9999999999998
2024/1/1 23:00,DE,Biomass,4067.7250000000004
2024/1/1 23:00,DE,Fossil Coal,5426.799999999999
2024/1/1 23:00,DE,Fossil Gas,2711.325
2024/1/1 23:00,DE,Fossil Oil,393.675
2024/1/1 23:00,DE,Hydro,933.6500000000003
2024/1/1 23:00,ES,Biomass,217.0
2024/1/1 23:00,ES,Fossil Coal,252.0
2024/1/1 23:00,ES,Fossil Gas,3354.0
2024/1/1 23:00,ES,Fossil Oil,29.0
2024/1/1 23:00,ES,Hydro,1023.0
2024/1/1 23:00,ES,Nuclear,7092.0
2024/1/1 23:00,FR,Biomass,342.25
2024/1/1 23:00,FR,Fossil Coal,15.0
2024/1/1 23:00,FR,Fossil Gas,1964.0
2024/1/1 23:00,FR,Fossil Oil,190.25
2024/1/1 23:00,FR,Hydro,4601.25
2024/1/1 23:00,FR,Nuclear,41029.25
2024/1/1 23:00,HR,Biomass,76.0
2024/1/1 23:00,HR,Fossil Gas,279.70000000000005
2024/1/1 23:00,HR,Hydro,459.20000000000005
2024/1/1 23:00,HU,Biomass,100.9
2024/1/1 23:00,HU,Fossil Coal,246.975
2024/1/1 23:00,HU,Fossil Gas,398.95
2024/1/1 23:00,HU,Hydro,7.249999999999999
2024/1/1 23:00,HU,Nuclear,1882.875
2024/1/1 23:00,IT,Biomass,347.25
2024/1/1 23:00,IT,Fossil Coal,1176.25
2024/1/1 23:00,IT,Fossil Gas,6777.75
2024/1/1 23:00,IT,Fossil Oil,25.25
2024/1/1 23:00,IT,Hydro,1254.5
2024/1/1 23:00,PL,Biomass,275.3
2024/1/1 23:00,PL,Fossil Coal,8300.75
2024/1/1 23:00,PL,Fossil Gas,1715.75
2024/1/1 23:00,PL,Fossil Oil,371.275
2024/1/1 23:00,PL,Hydro,284.52500000000003
2024/1/1 23:00,RO,Biomass,31.75
2024/1/1 23:00,RO,Fossil Coal,700.0
2024/1/1 23:00,RO,Fossil Gas,1353.5
2024/1/1 23:00,RO,Hydro,1532.5
2024/1/1 23:00,RO,Nuclear,1396.5
2024/1/1 23:00,RS,Biomass,30.0
2024/1/1 23:00,RS,Fossil Coal,2458.5
2024/1/1 23:00,RS,Fossil Gas,209.0
2024/1/1 23:00,RS,Hydro,1423.0
2024/1/1 23:00,SK,Biomass,100.4
2024/1/1 23:00,SK,Fossil Coal,15.75
2024/1/1 23:00,SK,Fossil Gas,97.57499999999999
2024/1/1 23:00,SK,Fossil Oil,45.2
2024/1/1 23:00,SK,Hydro,450.45
2024/1/1 23:00,SK,Nuclear,2442.8999999999996
2024/1/1 2:00,AT,Biomass,140.0
2024/1/1 2:00,AT,Fossil Gas,31.7
2024/1/1 2:00,AT,Hydro,2054.6
2024/1/1 2:00,BG,Biomass,18.725
2024/1/1 2:00,BG,Fossil Coal,1205.2000000000003
2024/1/1 2:00,BG,Fossil Gas,329.35
2024/1/1 2:00,BG,Hydro,84.89999999999999
2024/1/1 2:00,BG,Nuclear,2123.7250000000004
2024/1/1 2:00,DE,Biomass,4014.6000000000004
2024/1/1 2:00,DE,Fossil Coal,5314.85
2024/1/1 2:00,DE,Fossil Gas,2426.6499999999996
2024/1/1 2:00,DE,Fossil Oil,397.9
2024/1/1 2:00,DE,Hydro,-202.15000000000055
2024/1/1 2:00,ES,Biomass,214.0
2024/1/1 2:00,ES,Fossil Coal,272.0
2024/1/1 2:00,ES,Fossil Gas,4477.0
2024/1/1 2:00,ES,Fossil Oil,20.0
2024/1/1 2:00,ES,Hydro,1987.0
2024/1/1 2:00,ES,Nuclear,7096.0
2024/1/1 2:00,GR,Fossil Coal,352.5
2024/1/1 2:00,GR,Fossil Gas,855.75
2024/1/1 2:00,GR,Hydro,172.5
2024/1/1 2:00,HR,Biomass,76.0
2024/1/1 2:00,HR,Fossil Gas,220.70000000000002
2024/1/1 2:00,HR,Hydro,44.60000000000002
2024/1/1 2:00,HU,Biomass,80.025
2024/1/1 2:00,HU,Fossil Coal,247.275
2024/1/1 2:00,HU,Fossil Gas,398.55
2024/1/1 2:00,HU,Hydro,7.324999999999999
2024/1/1 2:00,HU,Nuclear,1443.45
2024/1/1 2:00,RO,Biomass,32.0
2024/1/1 2:00,RO,Fossil Coal,843.5
2024/1/1 2:00,RO,Fossil Gas,1430.25
2024/1/1 2:00,RO,Hydro,842.75
2024/1/1 2:00,RO,Nuclear,1396.0
2024/1/1 3:00,AT,Biomass,140.0
2024/1/1 3:00,AT,Fossil Gas,31.8
2024/1/1 3:00,AT,Hydro,2036.8999999999999
2024/1/1 3:00,DE,Biomass,4020.225
2024/1/1 3:00,DE,Fossil Coal,5304.275
2024/1/1 3:00,DE,Fossil Gas,2412.075
2024/1/1 3:00,DE,Fossil Oil,398.0
2024/1/1 3:00,DE,Hydro,-521.6750000000003
2024/1/1 3:00,ES,Biomass,219.0
2024/1/1 3:00,ES,Fossil Coal,272.0
2024/1/1 3:00,ES,Fossil Gas,4438.0
2024/1/1 3:00,ES,Fossil Oil,20.0
2024/1/1 3:00,ES,Hydro,1009.0
2024/1/1 3:00,ES,Nuclear,7096.0
2024/1/1 3:00,FR,Biomass,342.75
2024/1/1 3:00,FR,Fossil Coal,15.0
2024/1/1 3:00,FR,Fossil Gas,1769.75
2024/1/1 3:00,FR,Fossil Oil,190.5
2024/1/1 3:00,FR,Hydro,3093.25
2024/1/1 3:00,FR,Nuclear,36534.5
2024/1/1 3:00,HR,Biomass,76.0
2024/1/1 3:00,HR,Fossil Gas,220.4
2024/1/1 3:00,HR,Hydro,51.30000000000004
2024/1/1 3:00,HU,Biomass,79.6
2024/1/1 3:00,HU,Fossil Coal,247.02499999999998
2024/1/1 3:00,HU,Fossil Gas,448.225
2024/1/1 3:00,HU,Hydro,7.3
2024/1/1 3:00,HU,Nuclear,1391.95
2024/1/1 3:00,IT,Biomass,333.0
2024/1/1 3:00,IT,Fossil Coal,1179.25
2024/1/1 3:00,IT,Fossil Gas,6393.25
2024/1/1 3:00,IT,Fossil Oil,20.25
2024/1/1 3:00,IT,Hydro,1305.5
2024/1/1 3:00,PL,Biomass,274.0
2024/1/1 3:00,PL,Fossil Coal,7924.624999999999
2024/1/1 3:00,PL,Fossil Gas,1642.7
2024/1/1 3:00,PL,Fossil Oil,368.37500000000006
2024/1/1 3:00,PL,Hydro,279.275
2024/1/1 3:00,RO,Biomass,32.0
2024/1/1 3:00,RO,Fossil Coal,843.25
2024/1/1 3:00,RO,Fossil Gas,1427.0
2024/1/1 3:00,RO,Hydro,936.25
2024/1/1 3:00,RO,Nuclear,1395.5
2024/1/1 3:00,RS,Biomass,30.0
2024/1/1 3:00,RS,Fossil Coal,2283.5
2024/1/1 3:00,RS,Fossil Gas,205.5
2024/1/1 3:00,RS,Hydro,1310.75
2024/1/1 3:00,SK,Biomass,108.55
2024/1/1 3:00,SK,Fossil Coal,13.2
2024/1/1 3:00,SK,Fossil Gas,101.625
2024/1/1 3:00,SK,Fossil Oil,50.225
2024/1/1 3:00,SK,Hydro,501.3249999999999
2024/1/1 3:00,SK,Nuclear,2442.8999999999996
2024/1/1 4:00,AT,Biomass,140.0
2024/1/1 4:00,AT,Fossil Gas,34.4
2024/1/1 4:00,AT,Hydro,2615.1999999999994
2024/1/1 4:00,DE,Biomass,4059.5249999999996
2024/1/1 4:00,DE,Fossil Coal,5301.025000000001
2024/1/1 4:00,DE,Fossil Gas,2444.2749999999996
2024/1/1 4:00,DE,Fossil Oil,398.17499999999995
2024/1/1 4:00,DE,Hydro,-690.9250000000006
2024/1/1 4:00,ES,Biomass,212.0
2024/1/1 4:00,ES,Fossil Coal,272.0
2024/1/1 4:00,ES,Fossil Gas,4685.0
2024/1/1 4:00,ES,Fossil Oil,20.0
2024/1/1 4:00,ES,Hydro,583.0
2024/1/1 4:00,ES,Nuclear,7092.0
2024/1/1 4:00,HR,Biomass,76.0
2024/1/1 4:00,HR,Fossil Gas,218.6
2024/1/1 4:00,HR,Hydro,49.599999999999994
2024/1/1 4:00,HU,Biomass,80.55
2024/1/1 4:00,HU,Fossil Coal,247.02499999999998
2024/1/1 4:00,HU,Fossil Gas,461.65
2024/1/1 4:00,HU,Hydro,7.3
2024/1/1 4:00,HU,Nuclear,1404.8249999999998
2024/1/1 4:00,RO,Biomass,32.0
2024/1/1 4:00,RO,Fossil Coal,840.0
2024/1/1 4:00,RO,Fossil Gas,1423.5
2024/1/1 4:00,RO,Hydro,1019.5
2024/1/1 4:00,RO,Nuclear,1395.25
2024/1/1 5:00,AT,Biomass,140.0
2024/1/1 5:00,AT,Fossil Gas,35.4
2024/1/1 5:00,AT,Hydro,2908.8999999999996
2024/1/1 5:00,DE,Biomass,4120.975
2024/1/1 5:00,DE,Fossil Coal,5332.275
2024/1/1 5:00,DE,Fossil Gas,2435.3999999999996
2024/1/1 5:00,DE,Fossil Oil,397.72499999999997
2024/1/1 5:00,DE,Hydro,-1012.4750000000001
2024/1/1 5:00,ES,Biomass,214.0
2024/1/1 5:00,ES,Fossil Coal,272.0
2024/1/1 5:00,ES,Fossil Gas,4636.0
2024/1/1 5:00,ES,Fossil Oil,20.0
2024/1/1 5:00,ES,Hydro,689.0
2024/1/1 5:00,ES,Nuclear,7092.0
2024/1/1 5:00,HR,Biomass,76.0
2024/1/1 5:00,HR,Fossil Gas,219.0
2024/1/1 5:00,HR,Hydro,63.29999999999998
2024/1/1 5:00,HU,Biomass,81.94999999999999
2024/1/1 5:00,HU,Fossil Coal,245.425
2024/1/1 5:00,HU,Fossil Gas,449.57500000000005
2024/1/1 5:00,HU,Hydro,7.375
2024/1/1 5:00,HU,Nuclear,1608.4750000000001
2024/1/1 5:00,RO,Biomass,31.75
2024/1/1 5:00,RO,Fossil Coal,842.0
2024/1/1 5:00,RO,Fossil Gas,1423.25
2024/1/1 5:00,RO,Hydro,1252.75
2024/1/1 5:00,RO,Nuclear,1395.0
2024/1/1 6:00,AT,Biomass,140.0
2024/1/1 6:00,AT,Fossil Gas,34.0
2024/1/1 6:00,AT,Hydro,2697.2
2024/1/1 6:00,BG,Biomass,19.975
2024/1/1 6:00,BG,Fossil Coal,1168.6
2024/1/1 6:00,BG,Fossil Gas,308.72499999999997
2024/1/1 6:00,BG,Hydro,89.35
2024/1/1 6:00,BG,Nuclear,2123.7250000000004
2024/1/1 6:00,DE,Biomass,4228.674999999999
2024/1/1 6:00,DE,Fossil Coal,5320.075
2024/1/1 6:00,DE,Fossil Gas,2421.05
2024/1/1 6:00,DE,Fossil Oil,397.875
2024/1/1 6:00,DE,Hydro,-193.47500000000002
2024/1/1 6:00,ES,Biomass,217.0
2024/1/1 6:00,ES,Fossil Coal,272.0
2024/1/1 6:00,ES,Fossil Gas,4556.0
2024/1/1 6:00,ES,Fossil Oil,20.0
2024/1/1 6:00,ES,Hydro,1056.0
2024/1/1 6:00,ES,Nuclear,7092.0
2024/1/1 6:00,GR,Fossil Coal,344.0
2024/1/1 6:00,GR,Fossil Gas,501.75
2024/1/1 6:00,GR,Hydro,66.25
2024/1/1 6:00,HR,Biomass,76.0
2024/1/1 6:00,HR,Fossil Gas,221.2
2024/1/1 6:00,HR,Hydro,235.8
2024/1/1 6:00,HU,Biomass,84.97500000000001
2024/1/1 6:00,HU,Fossil Coal,246.925
2024/1/1 6:00,HU,Fossil Gas,429.87499999999994
2024/1/1 6:00,HU,Hydro,7.374999999999999
2024/1/1 6:00,HU,Nuclear,1632.1499999999999
2024/1/1 6:00,RO,Biomass,31.5
2024/1/1 6:00,RO,Fossil Coal,827.25
2024/1/1 6:00,RO,Fossil Gas,1384.0
2024/1/1 6:00,RO,Hydro,1367.5
2024/1/1 6:00,RO,Nuclear,1395.0
2024/1/1 7:00,AT,Biomass,140.0
2024/1/1 7:00,AT,Fossil Gas,34.1
2024/1/1 7:00,AT,Hydro,2676.7000000000007
2024/1/1 7:00,DE,Biomass,4333.474999999999
2024/1/1 7:00,DE,Fossil Coal,5299.525
2024/1/1 7:00,DE,Fossil Gas,2422.875
2024/1/1 7:00,DE,Fossil Oil,397.97499999999997
2024/1/1 7:00,DE,Hydro,-226.02499999999952
2024/1/1 7:00,ES,Biomass,211.0
2024/1/1 7:00,ES,Fossil Coal,272.0
2024/1/1 7:00,ES,Fossil Gas,4500.0
2024/1/1 7:00,ES,Fossil Oil,20.0
2024/1/1 7:00,ES,Hydro,734.0
2024/1/1 7:00,ES,Nuclear,7092.0
2024/1/1 7:00,FR,Biomass,343.25
2024/1/1 7:00,FR,Fossil Coal,15.75
2024/1/1 7:00,FR,Fossil Gas,1887.0
2024/1/1 7:00,FR,Fossil Oil,190.0
2024/1/1 7:00,FR,Hydro,3069.5
2024/1/1 7:00,FR,Nuclear,35989.25
2024/1/1 7:00,HR,Biomass,75.2
2024/1/1 7:00,HR,Fossil Gas,228.7
2024/1/1 7:00,HR,Hydro,358.1
2024/1/1 7:00,HU,Biomass,84.55
2024/1/1 7:00,HU,Fossil Coal,251.02499999999998
2024/1/1 7:00,HU,Fossil Gas,377.6
2024/1/1 7:00,HU,Hydro,7.3
2024/1/1 7:00,HU,Nuclear,1754.9499999999998
2024/1/1 7:00,IT,Biomass,319.5
2024/1/1 7:00,IT,Fossil Coal,1180.75
2024/1/1 7:00,IT,Fossil Gas,6260.25
2024/1/1 7:00,IT,Fossil Oil,16.0
2024/1/1 7:00,IT,Hydro,2443.25
2024/1/1 7:00,PL,Biomass,275.90000000000003
2024/1/1 7:00,PL,Fossil Coal,8359.449999999999
2024/1/1 7:00,PL,Fossil Gas,1878.575
2024/1/1 7:00,PL,Fossil Oil,367.075
2024/1/1 7:00,PL,Hydro,329.62500000000006
2024/1/1 7:00,RO,Biomass,31.0
2024/1/1 7:00,RO,Fossil Coal,797.75
2024/1/1 7:00,RO,Fossil Gas,1315.75
2024/1/1 7:00,RO,Hydro,1203.25
2024/1/1 7:00,RO,Nuclear,1394.25
2024/1/1 7:00,RS,Biomass,30.0
2024/1/1 7:00,RS,Fossil Coal,2273.75
2024/1/1 7:00,RS,Fossil Gas,211.25
2024/1/1 7:00,RS,Hydro,1608.5
2024/1/1 7:00,SK,Biomass,107.05
2024/1/1 7:00,SK,Fossil Coal,13.625
2024/1/1 7:00,SK,Fossil Gas,108.875
2024/1/1 7:00,SK,Fossil Oil,50.0
2024/1/1 7:00,SK,Hydro,812.175
2024/1/1 7:00,SK,Nuclear,2441.7000000000003
2024/1/1 8:00,AT,Biomass,140.0
2024/1/1 8:00,AT,Fossil Gas,32.900000000000006
2024/1/1 8:00,AT,Hydro,3074.5000000000005
2024/1/1 8:00,DE,Biomass,4333.349999999999
2024/1/1 8:00,DE,Fossil Coal,5287.125
2024/1/1 8:00,DE,Fossil Gas,2395.325
2024/1/1 8:00,DE,Fossil Oil,397.7
2024/1/1 8:00,DE,Hydro,-1018.8000000000005
2024/1/1 8:00,ES,Biomass,216.0
2024/1/1 8:00,ES,Fossil Coal,272.0
2024/1/1 8:00,ES,Fossil Gas,4867.0
2024/1/1 8:00,ES,Fossil Oil,20.0
2024/1/1 8:00,ES,Hydro,-274.0
2024/1/1 8:00,ES,Nuclear,7092.0
2024/1/1 8:00,HR,Biomass,75.2
2024/1/1 8:00,HR,Fossil Gas,278.4
2024/1/1 8:00,HR,Hydro,495.4
2024/1/1 8:00,HU,Biomass,85.525
2024/1/1 8:00,HU,Fossil Coal,248.77499999999998
2024/1/1 8:00,HU,Fossil Gas,406.725
2024/1/1 8:00,HU,Hydro,7.325
2024/1/1 8:00,HU,Nuclear,1857.9
2024/1/1 8:00,RO,Biomass,31.75
2024/1/1 8:00,RO,Fossil Coal,823.5
2024/1/1 8:00,RO,Fossil Gas,1375.5
2024/1/1 8:00,RO,Hydro,1026.25
2024/1/1 8:00,RO,Nuclear,1394.75
2024/1/1 9:00,AT,Biomass,136.0
2024/1/1 9:00,AT,Fossil Gas,32.9
2024/1/1 9:00,AT,Hydro,2644.5
2024/1/1 9:00,DE,Biomass,4255.0
2024/1/1 9:00,DE,Fossil Coal,5448.575
2024/1/1 9:00,DE,Fossil Gas,2405.55
2024/1/1 9:00,DE,Fossil Oil,397.97499999999997
2024/1/1 9:00,DE,Hydro,-1183.8249999999998
2024/1/1 9:00,ES,Biomass,212.0
2024/1/1 9:00,ES,Fossil Coal,272.0
2024/1/1 9:00,ES,Fossil Gas,3998.0
2024/1/1 9:00,ES,Fossil Oil,20.0
2024/1/1 9:00,ES,Hydro,-1313.0
2024/1/1 9:00,ES,Nuclear,7092.0
2024/1/1 9:00,HR,Biomass,75.2
2024/1/1 9:00,HR,Fossil Gas,279.29999999999995
2024/1/1 9:00,HR,Hydro,548.6
2024/1/1 9:00,HU,Biomass,85.125
2024/1/1 9:00,HU,Fossil Coal,245.2
2024/1/1 9:00,HU,Fossil Gas,262.925
2024/1/1 9:00,HU,Hydro,6.7749999999999995
2024/1/1 9:00,HU,Nuclear,1868.175
2024/1/1 9:00,RO,Biomass,30.75
2024/1/1 9:00,RO,Fossil Coal,728.25
2024/1/1 9:00,RO,Fossil Gas,1317.75
2024/1/1 9:00,RO,Hydro,979.25
2024/1/1 9:00,RO,Nuclear,1395.25
2024/1/2 0:00,AT,Biomass,140.0
2024/1/2 0:00,AT,Fossil Gas,33.5
2024/1/2 0:00,AT,Hydro,1821.3000000000002
2024/1/2 0:00,DE,Biomass,4026.55
2024/1/2 0:00,DE,Fossil Coal,5382.575
2024/1/2 0:00,DE,Fossil Gas,2646.675
2024/1/2 0:00,DE,Fossil Oil,393.8
2024/1/2 0:00,DE,Hydro,184.7249999999998
2024/1/2 0:00,ES,Biomass,219.0
2024/1/2 0:00,ES,Fossil Coal,252.0
2024/1/2 0:00,ES,Fossil Gas,3505.0
2024/1/2 0:00,ES,Fossil Oil,20.0
2024/1/2 0:00,ES,Hydro,-1064.0
2024/1/2 0:00,ES,Nuclear,7090.0
2024/1/2 0:00,HR,Biomass,76.0
2024/1/2 0:00,HR,Fossil Gas,278.6
2024/1/2 0:00,HR,Hydro,432.5
2024/1/2 0:00,HU,Biomass,101.42500000000001
2024/1/2 0:00,HU,Fossil Coal,247.0
2024/1/2 0:00,HU,Fossil Gas,420.5
2024/1/2 0:00,HU,Hydro,7.2749999999999995
2024/1/2 0:00,HU,Nuclear,1883.3999999999999
2024/1/2 0:00,RO,Biomass,32.0
2024/1/2 0:00,RO,Fossil Coal,689.0
2024/1/2 0:00,RO,Fossil Gas,1323.5
2024/1/2 0:00,RO,Hydro,1500.25
2024/1/2 0:00,RO,Nuclear,1396.0
2024/1/2 10:00,AT,Biomass,147.0
2024/1/2 10:00,AT,Fossil Gas,350.4
2024/1/2 10:00,AT,Hydro,6270.200000000001
2024/1/2 10:00,BG,Biomass,19.3
2024/1/2 10:00,BG,Fossil Coal,1398.6250000000002
2024/1/2 10:00,BG,Fossil Gas,338.425
2024/1/2 10:00,BG,Hydro,130.05
2024/1/2 10:00,BG,Nuclear,2123.0
2024/1/2 10:00,DE,Biomass,4493.225
2024/1/2 10:00,DE,Fossil Coal,6764.95
2024/1/2 10:00,DE,Fossil Gas,5151.575
2024/1/2 10:00,DE,Fossil Oil,396.075
2024/1/2 10:00,DE,Hydro,4181.1
2024/1/2 10:00,ES,Biomass,262.0
2024/1/2 10:00,ES,Fossil Coal,303.0
2024/1/2 10:00,ES,Fossil Gas,2467.0
2024/1/2 10:00,ES,Fossil Oil,44.0
2024/1/2 10:00,ES,Hydro,3346.0
2024/1/2 10:00,ES,Nuclear,7092.0
2024/1/2 10:00,GR,Fossil Coal,658.0
2024/1/2 10:00,GR,Fossil Gas,673.75
2024/1/2 10:00,GR,Hydro,232.75
2024/1/2 10:00,HR,Biomass,76.0
2024/1/2 10:00,HR,Fossil Gas,270.6
2024/1/2 10:00,HR,Hydro,1154.6
2024/1/2 10:00,HU,Biomass,113.325
2024/1/2 10:00,HU,Fossil Coal,285.725
2024/1/2 10:00,HU,Fossil Gas,480.025
2024/1/2 10:00,HU,Hydro,7.550000000000001
2024/1/2 10:00,HU,Nuclear,1872.025
2024/1/2 10:00,RO,Biomass,30.75
2024/1/2 10:00,RO,Fossil Coal,809.5
2024/1/2 10:00,RO,Fossil Gas,1433.0
2024/1/2 10:00,RO,Hydro,2123.75
2024/1/2 10:00,RO,Nuclear,1392.25
2024/1/2 11:00,AT,Biomass,147.0
2024/1/2 11:00,AT,Fossil Gas,339.5
2024/1/2 11:00,AT,Hydro,6567.0
2024/1/2 11:00,DE,Biomass,4454.35
2024/1/2 11:00,DE,Fossil Coal,7184.8
2024/1/2 11:00,DE,Fossil Gas,5248.450000000001
2024/1/2 11:00,DE,Fossil Oil,396.27500000000003
2024/1/2 11:00,DE,Hydro,5807.400000000001
2024/1/2 11:00,ES,Biomass,274.0
2024/1/2 11:00,ES,Fossil Coal,304.0
2024/1/2 11:00,ES,Fossil Gas,2747.0
2024/1/2 11:00,ES,Fossil Oil,48.0
2024/1/2 11:00,ES,Hydro,2921.0
2024/1/2 11:00,ES,Nuclear,7091.0
2024/1/2 11:00,FR,Biomass,342.25
2024/1/2 11:00,FR,Fossil Coal,16.0
2024/1/2 11:00,FR,Fossil Gas,1999.5
2024/1/2 11:00,FR,Fossil Oil,191.0
2024/1/2 11:00,FR,Hydro,10181.5
2024/1/2 11:00,FR,Nuclear,45592.5
2024/1/2 11:00,HR,Biomass,76.0
2024/1/2 11:00,HR,Fossil Gas,276.7
2024/1/2 11:00,HR,Hydro,1154.9
2024/1/2 11:00,HU,Biomass,113.025
2024/1/2 11:00,HU,Fossil Coal,283.5
2024/1/2 11:00,HU,Fossil Gas,502.25
2024/1/2 11:00,HU,Hydro,7.699999999999999
2024/1/2 11:00,HU,Nuclear,1872.725
2024/1/2 11:00,IT,Biomass,360.25
2024/1/2 11:00,IT,Fossil Coal,1184.75
2024/1/2 11:00,IT,Fossil Gas,11979.25
2024/1/2 11:00,IT,Fossil Oil,17.0
2024/1/2 11:00,IT,Hydro,2799.5
2024/1/2 11:00,PL,Biomass,272.57500000000005
2024/1/2 11:00,PL,Fossil Coal,12388.075
2024/1/2 11:00,PL,Fossil Gas,2134.825
2024/1/2 11:00,PL,Fossil Oil,376.65
2024/1/2 11:00,PL,Hydro,532.925
2024/1/2 11:00,RO,Biomass,30.75
2024/1/2 11:00,RO,Fossil Coal,738.25
2024/1/2 11:00,RO,Fossil Gas,1365.5
2024/1/2 11:00,RO,Hydro,1947.75
2024/1/2 11:00,RO,Nuclear,1395.0
2024/1/2 11:00,RS,Biomass,30.0
2024/1/2 11:00,RS,Fossil Coal,2872.0
2024/1/2 11:00,RS,Fossil Gas,209.25
2024/1/2 11:00,RS,Hydro,1936.5
2024/1/2 11:00,SK,Biomass,75.375
2024/1/2 11:00,SK,Fossil Coal,70.55
2024/1/2 11:00,SK,Fossil Gas,147.2
2024/1/2 11:00,SK,Fossil Oil,51.2
2024/1/2 11:00,SK,Hydro,1081.975
2024/1/2 11:00,SK,Nuclear,2442.775
2024/1/2 12:00,AT,Biomass,145.0
2024/1/2 12:00,AT,Fossil Gas,322.9
2024/1/2 12:00,AT,Hydro,6443.799999999999
2024/1/2 12:00,DE,Biomass,4382.325
2024/1/2 12:00,DE,Fossil Coal,7252.675
2024/1/2 12:00,DE,Fossil Gas,5215.474999999999
2024/1/2 12:00,DE,Fossil Oil,396.0
2024/1/2 12:00,DE,Hydro,4856.55
2024/1/2 12:00,ES,Biomass,268.0
2024/1/2 12:00,ES,Fossil Coal,329.0
2024/1/2 12:00,ES,Fossil Gas,2600.0
2024/1/2 12:00,ES,Fossil Oil,44.0
2024/1/2 12:00,ES,Hydro,2554.0
2024/1/2 12:00,ES,Nuclear,7088.0
2024/1/2 12:00,HR,Biomass,76.0
2024/1/2 12:00,HR,Fossil Gas,281.2
2024/1/2 12:00,HR,Hydro,1150.6999999999998
2024/1/2 12:00,HU,Biomass,112.125
2024/1/2 12:00,HU,Fossil Coal,279.5
2024/1/2 12:00,HU,Fossil Gas,498.6
2024/1/2 12:00,HU,Hydro,7.674999999999999
2024/1/2 12:00,HU,Nuclear,1873.525
2024/1/2 12:00,RO,Biomass,30.25
2024/1/2 12:00,RO,Fossil Coal,740.25
2024/1/2 12:00,RO,Fossil Gas,1421.5
2024/1/2 12:00,RO,Hydro,1983.25
2024/1/2 12:00,RO,Nuclear,1395.0
2024/1/2 13:00,AT,Biomass,140.0
2024/1/2 13:00,AT,Fossil Gas,321.2
2024/1/2 13:00,AT,Hydro,6143.0
2024/1/2 13:00,DE,Biomass,4405.799999999999
2024/1/2 13:00,DE,Fossil Coal,7331.375
2024/1/2 13:00,DE,Fossil Gas,5225.650000000001
2024/1/2 13:00,DE,Fossil Oil,394.775
2024/1/2 13:00,DE,Hydro,6238.950000000001
2024/1/2 13:00,ES,Biomass,274.0
2024/1/2 13:00,ES,Fossil Coal,312.0
2024/1/2 13:00,ES,Fossil Gas,2717.0
2024/1/2 13:00,ES,Fossil Oil,44.0
2024/1/2 13:00,ES,Hydro,2504.0
2024/1/2 13:00,ES,Nuclear,7088.0
2024/1/2 13:00,HR,Biomass,76.0
2024/1/2 13:00,HR,Fossil Gas,280.8
2024/1/2 13:00,HR,Hydro,1213.1999999999998
2024/1/2 13:00,HU,Biomass,111.325
2024/1/2 13:00,HU,Fossil Coal,285.975
2024/1/2 13:00,HU,Fossil Gas,471.15
2024/1/2 13:00,HU,Hydro,7.5
2024/1/2 13:00,HU,Nuclear,1874.3
2024/1/2 13:00,RO,Biomass,30.75
2024/1/2 13:00,RO,Fossil Coal,757.0
2024/1/2 13:00,RO,Fossil Gas,1458.5
2024/1/2 13:00,RO,Hydro,2016.5
2024/1/2 13:00,RO,Nuclear,1395.0
2024/1/2 14:00,AT,Biomass,138.0
2024/1/2 14:00,AT,Fossil Gas,350.29999999999995
2024/1/2 14:00,AT,Hydro,6116.2
2024/1/2 14:00,BG,Biomass,19.5
2024/1/2 14:00,BG,Fossil Coal,1521.5499999999997
2024/1/2 14:00,BG,Fossil Gas,341.0
2024/1/2 14:00,BG,Hydro,664.375
2024/1/2 14:00,BG,Nuclear,2121.875
2024/1/2 14:00,DE,Biomass,4508.5
2024/1/2 14:00,DE,Fossil Coal,6997.25
2024/1/2 14:00,DE,Fossil Gas,5340.8
2024/1/2 14:00,DE,Fossil Oil,394.9
2024/1/2 14:00,DE,Hydro,6879.174999999999
2024/1/2 14:00,ES,Biomass,270.0
2024/1/2 14:00,ES,Fossil Coal,312.0
2024/1/2 14:00,ES,Fossil Gas,2466.0
2024/1/2 14:00,ES,Fossil Oil,45.0
2024/1/2 14:00,ES,Hydro,2194.0
2024/1/2 14:00,ES,Nuclear,7088.0
2024/1/2 14:00,GR,Fossil Coal,659.75
2024/1/2 14:00,GR,Fossil Gas,1333.0
2024/1/2 14:00,GR,Hydro,1117.5
2024/1/2 14:00,HR,Biomass,76.0
2024/1/2 14:00,HR,Fossil Gas,281.2
2024/1/2 14:00,HR,Hydro,1277.5
2024/1/2 14:00,HU,Biomass,111.425
2024/1/2 14:00,HU,Fossil Coal,297.95
2024/1/2 14:00,HU,Fossil Gas,488.82500000000005
2024/1/2 14:00,HU,Hydro,7.574999999999999
2024/1/2 14:00,HU,Nuclear,1876.6
2024/1/2 14:00,RO,Biomass,30.25
2024/1/2 14:00,RO,Fossil Coal,850.0
2024/1/2 14:00,RO,Fossil Gas,1492.75
2024/1/2 14:00,RO,Hydro,2242.5
2024/1/2 14:00,RO,Nuclear,1396.0
2024/1/2 15:00,AT,Biomass,136.0
2024/1/2 15:00,AT,Fossil Gas,360.29999999999995
2024/1/2 15:00,AT,Hydro,6374.0
2024/1/2 15:00,DE,Biomass,4647.975
2024/1/2 15:00,DE,Fossil Coal,7065.150000000001
2024/1/2 15:00,DE,Fossil Gas,5518.0
2024/1/2 15:00,DE,Fossil Oil,395.5
2024/1/2 15:00,DE,Hydro,7552.175
2024/1/2 15:00,ES,Biomass,256.0
2024/1/2 15:00,ES,Fossil Coal,312.0
2024/1/2 15:00,ES,Fossil Gas,2619.0
2024/1/2 15:00,ES,Fossil Oil,44.0
2024/1/2 15:00,ES,Hydro,2638.0
2024/1/2 15:00,ES,Nuclear,7088.0
2024/1/2 15:00,FR,Biomass,342.25
2024/1/2 15:00,FR,Fossil Coal,16.0
2024/1/2 15:00,FR,Fossil Gas,2005.5
2024/1/2 15:00,FR,Fossil Oil,190.0
2024/1/2 15:00,FR,Hydro,9195.25
2024/1/2 15:00,FR,Nuclear,46037.5
2024/1/2 15:00,HR,Biomass,76.0
2024/1/2 15:00,HR,Fossil Gas,280.7
2024/1/2 15:00,HR,Hydro,1248.6
2024/1/2 15:00,HU,Biomass,108.125
2024/1/2 15:00,HU,Fossil Coal,328.12500000000006
2024/1/2 15:00,HU,Fossil Gas,507.04999999999995
2024/1/2 15:00,HU,Hydro,7.525
2024/1/2 15:00,HU,Nuclear,1880.25
2024/1/2 15:00,IT,Biomass,371.0
2024/1/2 15:00,IT,Fossil Coal,1184.5
2024/1/2 15:00,IT,Fossil Gas,14260.75
2024/1/2 15:00,IT,Fossil Oil,21.5
2024/1/2 15:00,IT,Hydro,5821.75
2024/1/2 15:00,PL,Biomass,267.825
2024/1/2 15:00,PL,Fossil Coal,12232.025000000001
2024/1/2 15:00,PL,Fossil Gas,1964.75
2024/1/2 15:00,PL,Fossil Oil,375.15
2024/1/2 15:00,PL,Hydro,1195.5
2024/1/2 15:00,RO,Biomass,31.0
2024/1/2 15:00,RO,Fossil Coal,879.25
2024/1/2 15:00,RO,Fossil Gas,1497.75
2024/1/2 15:00,RO,Hydro,2452.0
2024/1/2 15:00,RO,Nuclear,1395.5
2024/1/2 15:00,RS,Biomass,30.0
2024/1/2 15:00,RS,Fossil Coal,2888.25
2024/1/2 15:00,RS,Fossil Gas,203.25
2024/1/2 15:00,RS,Hydro,2108.75
2024/1/2 15:00,SK,Biomass,77.0
2024/1/2 15:00,SK,Fossil Coal,74.72500000000001
2024/1/2 15:00,SK,Fossil Gas,134.425
2024/1/2 15:00,SK,Fossil Oil,50.25
2024/1/2 15:00,SK,Hydro,1419.8
2024/1/2 15:00,SK,Nuclear,2441.725
2024/1/2 16:00,AT,Biomass,136.0
2024/1/2 16:00,AT,Fossil Gas,352.9
2024/1/2 16:00,AT,Hydro,6343.500000000001
2024/1/2 16:00,DE,Biomass,4717.2
2024/1/2 16:00,DE,Fossil Coal,6956.75
2024/1/2 16:00,DE,Fossil Gas,5508.625
2024/1/2 16:00,DE,Fossil Oil,395.575
2024/1/2 16:00,DE,Hydro,6386.424999999999
2024/1/2 16:00,ES,Biomass,267.0
2024/1/2 16:00,ES,Fossil Coal,312.0
2024/1/2 16:00,ES,Fossil Gas,3444.0
2024/1/2 16:00,ES,Fossil Oil,44.0
2024/1/2 16:00,ES,Hydro,4632.0
2024/1/2 16:00,ES,Nuclear,7086.0
2024/1/2 16:00,HR,Biomass,76.0
2024/1/2 16:00,HR,Fossil Gas,280.7
2024/1/2 16:00,HR,Hydro,1239.8
2024/1/2 16:00,HU,Biomass,109.8
2024/1/2 16:00,HU,Fossil Coal,369.8
2024/1/2 16:00,HU,Fossil Gas,504.0
2024/1/2 16:00,HU,Hydro,7.6
2024/1/2 16:00,HU,Nuclear,1879.3000000000002
2024/1/2 16:00,RO,Biomass,31.25
2024/1/2 16:00,RO,Fossil Coal,869.0
2024/1/2 16:00,RO,Fossil Gas,1482.5
2024/1/2 16:00,RO,Hydro,2654.0
2024/1/2 16:00,RO,Nuclear,1394.5
2024/1/2 17:00,AT,Biomass,136.0
2024/1/2 17:00,AT,Fossil Gas,351.40000000000003
2024/1/2 17:00,AT,Hydro,6171.200000000001
2024/1/2 17:00,DE,Biomass,4709.225
2024/1/2 17:00,DE,Fossil Coal,6900.2
2024/1/2 17:00,DE,Fossil Gas,5387.575
2024/1/2 17:00,DE,Fossil Oil,395.57500000000005
2024/1/2 17:00,DE,Hydro,5290.625
2024/1/2 17:00,ES,Biomass,275.0
2024/1/2 17:00,ES,Fossil Coal,312.0
2024/1/2 17:00,ES,Fossil Gas,3896.0
2024/1/2 17:00,ES,Fossil Oil,44.0
2024/1/2 17:00,ES,Hydro,5893.0
2024/1/2 17:00,ES,Nuclear,7088.0
2024/1/2 17:00,HR,Biomass,76.0
2024/1/2 17:00,HR,Fossil Gas,280.79999999999995
2024/1/2 17:00,HR,Hydro,1243.3
2024/1/2 17:00,HU,Biomass,110.77499999999999
2024/1/2 17:00,HU,Fossil Coal,362.87500000000006
2024/1/2 17:00,HU,Fossil Gas,474.75000000000006
2024/1/2 17:00,HU,Hydro,7.6
2024/1/2 17:00,HU,Nuclear,1875.575
2024/1/2 17:00,RO,Biomass,31.0
2024/1/2 17:00,RO,Fossil Coal,875.0
2024/1/2 17:00,RO,Fossil Gas,1492.75
2024/1/2 17:00,RO,Hydro,2658.75
2024/1/2 17:00,RO,Nuclear,1394.25
2024/1/2 18:00,AT,Biomass,136.0
2024/1/2 18:00,AT,Fossil Gas,351.8
2024/1/2 18:00,AT,Hydro,5521.799999999999
2024/1/2 18:00,BG,Biomass,19.1
2024/1/2 18:00,BG,Fossil Coal,1496.3
2024/1/2 18:00,BG,Fossil Gas,342.67500000000007
2024/1/2 18:00,BG,Hydro,441.625
2024/1/2 18:00,BG,Nuclear,2122.05
2024/1/2 18:00,DE,Biomass,4620.725
2024/1/2 18:00,DE,Fossil Coal,6434.25
2024/1/2 18:00,DE,Fossil Gas,5074.950000000001
2024/1/2 18:00,DE,Fossil Oil,395.15
2024/1/2 18:00,DE,Hydro,3982.875
2024/1/2 18:00,ES,Biomass,281.0
2024/1/2 18:00,ES,Fossil Coal,313.0
2024/1/2 18:00,ES,Fossil Gas,3665.0
2024/1/2 18:00,ES,Fossil Oil,45.0
2024/1/2 18:00,ES,Hydro,6225.0
2024/1/2 18:00,ES,Nuclear,7088.0
2024/1/2 18:00,GR,Fossil Coal,655.75
2024/1/2 18:00,GR,Fossil Gas,1321.25
2024/1/2 18:00,GR,Hydro,883.0
2024/1/2 18:00,HR,Biomass,76.0
2024/1/2 18:00,HR,Fossil Gas,281.6
2024/1/2 18:00,HR,Hydro,1239.1
2024/1/2 18:00,HU,Biomass,111.0
2024/1/2 18:00,HU,Fossil Coal,324.225
2024/1/2 18:00,HU,Fossil Gas,456.45
2024/1/2 18:00,HU,Hydro,7.549999999999999
2024/1/2 18:00,HU,Nuclear,1874.55
2024/1/2 18:00,RO,Biomass,31.0
2024/1/2 18:00,RO,Fossil Coal,872.25
2024/1/2 18:00,RO,Fossil Gas,1477.0
2024/1/2 18:00,RO,Hydro,2587.25
2024/1/2 18:00,RO,Nuclear,1392.0
2024/1/2 19:00,AT,Biomass,136.0
2024/1/2 19:00,AT,Fossil Gas,334.3
2024/1/2 19:00,AT,Hydro,4427.0
2024/1/2 19:00,DE,Biomass,4448.175
2024/1/2 19:00,DE,Fossil Coal,6045.375
2024/1/2 19:00,DE,Fossil Gas,4412.0
2024/1/2 19:00,DE,Fossil Oil,395.3
2024/1/2 19:00,DE,Hydro,2628.675
2024/1/2 19:00,ES,Biomass,278.0
2024/1/2 19:00,ES,Fossil Coal,320.0
2024/1/2 19:00,ES,Fossil Gas,3436.0
2024/1/2 19:00,ES,Fossil Oil,44.0
2024/1/2 19:00,ES,Hydro,5523.0
2024/1/2 19:00,ES,Nuclear,7088.0
2024/1/2 19:00,FR,Biomass,342.25
2024/1/2 19:00,FR,Fossil Coal,15.0
2024/1/2 19:00,FR,Fossil Gas,2029.0
2024/1/2 19:00,FR,Fossil Oil,188.75
2024/1/2 19:00,FR,Hydro,8471.25
2024/1/2 19:00,FR,Nuclear,45682.75
2024/1/2 19:00,HR,Biomass,76.0
2024/1/2 19:00,HR,Fossil Gas,280.0
2024/1/2 19:00,HR,Hydro,1103.3
2024/1/2 19:00,HU,Biomass,109.70000000000002
2024/1/2 19:00,HU,Fossil Coal,292.34999999999997
2024/1/2 19:00,HU,Fossil Gas,465.775
2024/1/2 19:00,HU,Hydro,7.549999999999999
2024/1/2 19:00,HU,Nuclear,1873.275
2024/1/2 19:00,IT,Biomass,376.0
2024/1/2 19:00,IT,Fossil Coal,1179.0
2024/1/2 19:00,IT,Fossil Gas,10689.25
2024/1/2 19:00,IT,Fossil Oil,16.5
2024/1/2 19:00,IT,Hydro,3062.75
2024/1/2 19:00,PL,Biomass,267.75
2024/1/2 19:00,PL,Fossil Coal,10069.725
2024/1/2 19:00,PL,Fossil Gas,1934.875
2024/1/2 19:00,PL,Fossil Oil,369.29999999999995
2024/1/2 19:00,PL,Hydro,674.2
2024/1/2 19:00,RO,Biomass,31.0
2024/1/2 19:00,RO,Fossil Coal,863.25
2024/1/2 19:00,RO,Fossil Gas,1453.5
2024/1/2 19:00,RO,Hydro,2456.0
2024/1/2 19:00,RO,Nuclear,1394.0
2024/1/2 19:00,RS,Biomass,30.0
2024/1/2 19:00,RS,Fossil Coal,2877.75
2024/1/2 19:00,RS,Fossil Gas,209.75
2024/1/2 19:00,RS,Hydro,1949.75
2024/1/2 19:00,SK,Biomass,79.8
2024/1/2 19:00,SK,Fossil Coal,68.05
2024/1/2 19:00,SK,Fossil Gas,127.30000000000001
2024/1/2 19:00,SK,Fossil Oil,49.349999999999994
2024/1/2 19:00,SK,Hydro,978.0249999999999
2024/1/2 19:00,SK,Nuclear,2442.0
2024/1/2 1:00,AT,Biomass,140.0
2024/1/2 1:00,AT,Fossil Gas,33.5
2024/1/2 1:00,AT,Hydro,1940.7000000000003
2024/1/2 1:00,DE,Biomass,4010.8500000000004
2024/1/2 1:00,DE,Fossil Coal,5380.15
2024/1/2 1:00,DE,Fossil Gas,2702.05
2024/1/2 1:00,DE,Fossil Oil,393.475
2024/1/2 1:00,DE,Hydro,-409.9500000000003
2024/1/2 1:00,ES,Biomass,228.0
2024/1/2 1:00,ES,Fossil Coal,252.0
2024/1/2 1:00,ES,Fossil Gas,3781.0
2024/1/2 1:00,ES,Fossil Oil,21.0
2024/1/2 1:00,ES,Hydro,-2124.0
2024/1/2 1:00,ES,Nuclear,7088.0
2024/1/2 1:00,HR,Biomass,76.0
2024/1/2 1:00,HR,Fossil Gas,279.29999999999995
2024/1/2 1:00,HR,Hydro,432.0
2024/1/2 1:00,HU,Biomass,97.975
2024/1/2 1:00,HU,Fossil Coal,246.325
2024/1/2 1:00,HU,Fossil Gas,455.42499999999995
2024/1/2 1:00,HU,Hydro,7.3
2024/1/2 1:00,HU,Nuclear,1882.0
2024/1/2 1:00,RO,Biomass,32.0
2024/1/2 1:00,RO,Fossil Coal,715.75
2024/1/2 1:00,RO,Fossil Gas,1380.25
2024/1/2 1:00,RO,Hydro,1535.0
2024/1/2 1:00,RO,Nuclear,1396.0
2024/1/2 20:00,AT,Biomass,136.0
2024/1/2 20:00,AT,Fossil Gas,318.2
2024/1/2 20:00,AT,Hydro,3950.7
2024/1/2 20:00,DE,Biomass,4352.025
2024/1/2 20:00,DE,Fossil Coal,5736.400000000001
2024/1/2 20:00,DE,Fossil Gas,3963.925
2024/1/2 20:00,DE,Fossil Oil,395.3
2024/1/2 20:00,DE,Hydro,1576.35
2024/1/2 20:00,ES,Biomass,283.0
2024/1/2 20:00,ES,Fossil Coal,312.0
2024/1/2 20:00,ES,Fossil Gas,3605.0
2024/1/2 20:00,ES,Fossil Oil,44.0
2024/1/2 20:00,ES,Hydro,5746.0
2024/1/2 20:00,ES,Nuclear,7088.0
2024/1/2 20:00,HR,Biomass,76.0
2024/1/2 20:00,HR,Fossil Gas,280.1
2024/1/2 20:00,HR,Hydro,739.5
2024/1/2 20:00,HU,Biomass,102.475
2024/1/2 20:00,HU,Fossil Coal,293.45
2024/1/2 20:00,HU,Fossil Gas,464.2
2024/1/2 20:00,HU,Hydro,7.5
2024/1/2 20:00,HU,Nuclear,1872.125
2024/1/2 20:00,RO,Biomass,32.0
2024/1/2 20:00,RO,Fossil Coal,854.25
2024/1/2 20:00,RO,Fossil Gas,1435.25
2024/1/2 20:00,RO,Hydro,2104.0
2024/1/2 20:00,RO,Nuclear,1395.0
2024/1/2 21:00,AT,Biomass,136.0
2024/1/2 21:00,AT,Fossil Gas,328.4
2024/1/2 21:00,AT,Hydro,3414.1000000000004
2024/1/2 21:00,DE,Biomass,4250.975
2024/1/2 21:00,DE,Fossil Coal,5732.3
2024/1/2 21:00,DE,Fossil Gas,3439.5
2024/1/2 21:00,DE,Fossil Oil,395.3
2024/1/2 21:00,DE,Hydro,930.4000000000001
2024/1/2 21:00,ES,Biomass,274.0
2024/1/2 21:00,ES,Fossil Coal,307.0
2024/1/2 21:00,ES,Fossil Gas,3250.0
2024/1/2 21:00,ES,Fossil Oil,44.0
2024/1/2 21:00,ES,Hydro,4133.0
2024/1/2 21:00,ES,Nuclear,7088.0
2024/1/2 21:00,HR,Biomass,76.0
2024/1/2 21:00,HR,Fossil Gas,280.3
2024/1/2 21:00,HR,Hydro,622.2
2024/1/2 21:00,HU,Biomass,106.05
2024/1/2 21:00,HU,Fossil Coal,281.90000000000003
2024/1/2 21:00,HU,Fossil Gas,471.35
2024/1/2 21:00,HU,Hydro,7.6
2024/1/2 21:00,HU,Nuclear,1873.15
2024/1/2 21:00,RO,Biomass,31.5
2024/1/2 21:00,RO,Fossil Coal,847.75
2024/1/2 21:00,RO,Fossil Gas,1406.0
2024/1/2 21:00,RO,Hydro,2018.0
2024/1/2 21:00,RO,Nuclear,1395.0
2024/1/2 22:00,AT,Biomass,136.0
2024/1/2 22:00,AT,Fossil Gas,266.9
2024/1/2 22:00,AT,Hydro,2944.5
2024/1/2 22:00,BG,Biomass,19.575
2024/1/2 22:00,BG,Fossil Coal,1235.3000000000002
2024/1/2 22:00,BG,Fossil Gas,337.025
2024/1/2 22:00,BG,Hydro,76.825
2024/1/2 22:00,BG,Nuclear,2122.0249999999996
2024/1/2 22:00,DE,Biomass,4152.525
2024/1/2 22:00,DE,Fossil Coal,5790.7
2024/1/2 22:00,DE,Fossil Gas,3137.625
2024/1/2 22:00,DE,Fossil Oil,395.3
2024/1/2 22:00,DE,Hydro,51.99999999999983
2024/1/2 22:00,ES,Biomass,253.0
2024/1/2 22:00,ES,Fossil Coal,301.0
2024/1/2 22:00,ES,Fossil Gas,2839.0
2024/1/2 22:00,ES,Fossil Oil,29.0
2024/1/2 22:00,ES,Hydro,1388.0
2024/1/2 22:00,ES,Nuclear,7092.0
2024/1/2 22:00,GR,Fossil Coal,655.0
2024/1/2 22:00,GR,Fossil Gas,547.25
2024/1/2 22:00,GR,Hydro,63.75
2024/1/2 22:00,HR,Biomass,76.0
2024/1/2 22:00,HR,Fossil Gas,280.5
2024/1/2 22:00,HR,Hydro,678.4000000000001
2024/1/2 22:00,HU,Biomass,107.14999999999999
2024/1/2 22:00,HU,Fossil Coal,274.25
2024/1/2 22:00,HU,Fossil Gas,471.95
2024/1/2 22:00,HU,Hydro,7.55
2024/1/2 22:00,HU,Nuclear,1872.15
2024/1/2 22:00,RO,Biomass,31.0
2024/1/2 22:00,RO,Fossil Coal,847.0
2024/1/2 22:00,RO,Fossil Gas,1383.75
2024/1/2 22:00,RO,Hydro,1461.75
2024/1/2 22:00,RO,Nuclear,1395.0
2024/1/2 23:00,AT,Biomass,140.0
2024/1/2 23:00,AT,Fossil Gas,186.29999999999998
2024/1/2 23:00,AT,Hydro,2304.5000000000005
2024/1/2 23:00,DE,Biomass,4063.2000000000003
2024/1/2 23:00,DE,Fossil Coal,5671.375
2024/1/2 23:00,DE,Fossil Gas,2956.25
2024/1/2 23:00,DE,Fossil Oil,398.1
2024/1/2 23:00,DE,Hydro,-1220.9499999999998
2024/1/2 23:00,ES,Biomass,252.0
2024/1/2 23:00,ES,Fossil Coal,306.0
2024/1/2 23:00,ES,Fossil Gas,2821.0
2024/1/2 23:00,ES,Fossil Oil,20.0
2024/1/2 23:00,ES,Hydro,-449.0
2024/1/2 23:00,ES,Nuclear,7090.0
2024/1/2 23:00,FR,Biomass,341.75
2024/1/2 23:00,FR,Fossil Coal,15.0
2024/1/2 23:00,FR,Fossil Gas,2023.0
2024/1/2 23:00,FR,Fossil Oil,189.75
2024/1/2 23:00,FR,Hydro,4570.0
2024/1/2 23:00,FR,Nuclear,42839.75
2024/1/2 23:00,HR,Biomass,77.2
2024/1/2 23:00,HR,Fossil Gas,280.0
2024/1/2 23:00,HR,Hydro,348.3
2024/1/2 23:00,HU,Biomass,107.42500000000001
2024/1/2 23:00,HU,Fossil Coal,268.55
2024/1/2 23:00,HU,Fossil Gas,479.3
2024/1/2 23:00,HU,Hydro,7.549999999999999
2024/1/2 23:00,HU,Nuclear,1874.8
2024/1/2 23:00,IT,Biomass,369.5
2024/1/2 23:00,IT,Fossil Coal,1185.75
2024/1/2 23:00,IT,Fossil Gas,4728.25
2024/1/2 23:00,IT,Fossil Oil,23.75
2024/1/2 23:00,IT,Hydro,1388.75
2024/1/2 23:00,PL,Biomass,274.5
2024/1/2 23:00,PL,Fossil Coal,8300.050000000001
2024/1/2 23:00,PL,Fossil Gas,1711.4499999999998
2024/1/2 23:00,PL,Fossil Oil,369.05
2024/1/2 23:00,PL,Hydro,283.375
2024/1/2 23:00,RO,Biomass,31.0
2024/1/2 23:00,RO,Fossil Coal,867.25
2024/1/2 23:00,RO,Fossil Gas,1434.75
2024/1/2 23:00,RO,Hydro,1546.0
2024/1/2 23:00,RO,Nuclear,1394.5
2024/1/2 23:00,RS,Biomass,30.0
2024/1/2 23:00,RS,Fossil Coal,2607.5
2024/1/2 23:00,RS,Fossil Gas,203.75
2024/1/2 23:00,RS,Hydro,1201.25
2024/1/2 23:00,SK,Biomass,82.7
2024/1/2 23:00,SK,Fossil Coal,65.07499999999999
2024/1/2 23:00,SK,Fossil Gas,113.65
2024/1/2 23:00,SK,Fossil Oil,49.5
2024/1/2 23:00,SK,Hydro,407.15000000000003
2024/1/2 23:00,SK,Nuclear,2442.25
2024/1/2 2:00,AT,Biomass,138.0
2024/1/2 2:00,AT,Fossil Gas,33.8
2024/1/2 2:00,AT,Hydro,2137.3
2024/1/2 2:00,BG,Biomass,19.700000000000003
2024/1/2 2:00,BG,Fossil Coal,1216.75
2024/1/2 2:00,BG,Fossil Gas,342.05
2024/1/2 2:00,BG,Hydro,93.625
2024/1/2 2:00,BG,Nuclear,2122.7
2024/1/2 2:00,DE,Biomass,4015.75
2024/1/2 2:00,DE,Fossil Coal,5438.375
2024/1/2 2:00,DE,Fossil Gas,2769.7000000000003
2024/1/2 2:00,DE,Fossil Oil,393.225
2024/1/2 2:00,DE,Hydro,-1329.0
2024/1/2 2:00,ES,Biomass,240.0
2024/1/2 2:00,ES,Fossil Coal,252.0
2024/1/2 2:00,ES,Fossil Gas,3555.0
2024/1/2 2:00,ES,Fossil Oil,20.0
2024/1/2 2:00,ES,Hydro,-2423.0
2024/1/2 2:00,ES,Nuclear,7088.0
2024/1/2 2:00,GR,Fossil Coal,411.75
2024/1/2 2:00,GR,Fossil Gas,723.25
2024/1/2 2:00,GR,Hydro,18.25
2024/1/2 2:00,HR,Biomass,76.0
2024/1/2 2:00,HR,Fossil Gas,277.3
2024/1/2 2:00,HR,Hydro,429.6
2024/1/2 2:00,HU,Biomass,96.975
2024/1/2 2:00,HU,Fossil Coal,247.7
2024/1/2 2:00,HU,Fossil Gas,463.275
2024/1/2 2:00,HU,Hydro,7.249999999999999
2024/1/2 2:00,HU,Nuclear,1881.9250000000002
2024/1/2 2:00,RO,Biomass,32.0
2024/1/2 2:00,RO,Fossil Coal,809.5
2024/1/2 2:00,RO,Fossil Gas,1368.0
2024/1/2 2:00,RO,Hydro,1535.25
2024/1/2 2:00,RO,Nuclear,1395.25
2024/1/2 3:00,AT,Biomass,136.0
2024/1/2 3:00,AT,Fossil Gas,39.5
2024/1/2 3:00,AT,Hydro,2039.5
2024/1/2 3:00,DE,Biomass,4032.775
2024/1/2 3:00,DE,Fossil Coal,5457.6
2024/1/2 3:00,DE,Fossil Gas,2855.825
2024/1/2 3:00,DE,Fossil Oil,393.55
2024/1/2 3:00,DE,Hydro,-1126.299999999999
2024/1/2 3:00,ES,Biomass,241.0
2024/1/2 3:00,ES,Fossil Coal,252.0
2024/1/2 3:00,ES,Fossil Gas,3516.0
2024/1/2 3:00,ES,Fossil Oil,20.0
2024/1/2 3:00,ES,Hydro,-2436.0
2024/1/2 3:00,ES,Nuclear,7088.0
2024/1/2 3:00,FR,Biomass,342.5
2024/1/2 3:00,FR,Fossil Coal,15.75
2024/1/2 3:00,FR,Fossil Gas,1999.25
2024/1/2 3:00,FR,Fossil Oil,190.75
2024/1/2 3:00,FR,Hydro,3508.75
2024/1/2 3:00,FR,Nuclear,38945.0
2024/1/2 3:00,HR,Biomass,76.0
2024/1/2 3:00,HR,Fossil Gas,270.6
2024/1/2 3:00,HR,Hydro,429.9000000000001
2024/1/2 3:00,HU,Biomass,96.07499999999999
2024/1/2 3:00,HU,Fossil Coal,246.875
2024/1/2 3:00,HU,Fossil Gas,461.6
2024/1/2 3:00,HU,Hydro,7.225
2024/1/2 3:00,HU,Nuclear,1881.15
2024/1/2 3:00,IT,Biomass,347.5
2024/1/2 3:00,IT,Fossil Coal,1178.75
2024/1/2 3:00,IT,Fossil Gas,9462.5
2024/1/2 3:00,IT,Fossil Oil,26.0
2024/1/2 3:00,IT,Hydro,2360.75
2024/1/2 3:00,PL,Biomass,271.225
2024/1/2 3:00,PL,Fossil Coal,10143.325
2024/1/2 3:00,PL,Fossil Gas,2005.25
2024/1/2 3:00,PL,Fossil Oil,371.82500000000005
2024/1/2 3:00,PL,Hydro,358.075
2024/1/2 3:00,RO,Biomass,31.5
2024/1/2 3:00,RO,Fossil Coal,827.75
2024/1/2 3:00,RO,Fossil Gas,1405.25
2024/1/2 3:00,RO,Hydro,1484.25
2024/1/2 3:00,RO,Nuclear,1394.75
2024/1/2 3:00,RS,Biomass,30.0
2024/1/2 3:00,RS,Fossil Coal,2518.0
2024/1/2 3:00,RS,Fossil Gas,219.75
2024/1/2 3:00,RS,Hydro,1536.25
2024/1/2 3:00,SK,Biomass,96.5
2024/1/2 3:00,SK,Fossil Coal,15.075
2024/1/2 3:00,SK,Fossil Gas,108.8
2024/1/2 3:00,SK,Fossil Oil,49.525
2024/1/2 3:00,SK,Hydro,709.7249999999999
2024/1/2 3:00,SK,Nuclear,2443.625
2024/1/2 4:00,AT,Biomass,136.0
2024/1/2 4:00,AT,Fossil Gas,158.3
2024/1/2 4:00,AT,Hydro,2231.0999999999995
2024/1/2 4:00,DE,Biomass,4077.5499999999997
2024/1/2 4:00,DE,Fossil Coal,5526.7
2024/1/2 4:00,DE,Fossil Gas,3137.5750000000003
2024/1/2 4:00,DE,Fossil Oil,393.675
2024/1/2 4:00,DE,Hydro,-169.19999999999973
2024/1/2 4:00,ES,Biomass,241.0
2024/1/2 4:00,ES,Fossil Coal,258.0
2024/1/2 4:00,ES,Fossil Gas,3783.0
2024/1/2 4:00,ES,Fossil Oil,20.0
2024/1/2 4:00,ES,Hydro,-2319.0
2024/1/2 4:00,ES,Nuclear,7087.0
2024/1/2 4:00,HR,Biomass,76.0
2024/1/2 4:00,HR,Fossil Gas,270.6
2024/1/2 4:00,HR,Hydro,462.4
2024/1/2 4:00,HU,Biomass,97.69999999999999
2024/1/2 4:00,HU,Fossil Coal,247.275
2024/1/2 4:00,HU,Fossil Gas,472.625
2024/1/2 4:00,HU,Hydro,7.3
2024/1/2 4:00,HU,Nuclear,1880.3999999999999
2024/1/2 4:00,RO,Biomass,32.0
2024/1/2 4:00,RO,Fossil Coal,790.5
2024/1/2 4:00,RO,Fossil Gas,1411.0
2024/1/2 4:00,RO,Hydro,1626.5
2024/1/2 4:00,RO,Nuclear,1395.0
2024/1/2 5:00,AT,Biomass,136.0
2024/1/2 5:00,AT,Fossil Gas,326.3
2024/1/2 5:00,AT,Hydro,4303.599999999999
2024/1/2 5:00,DE,Biomass,4217.8
2024/1/2 5:00,DE,Fossil Coal,5589.0
2024/1/2 5:00,DE,Fossil Gas,3527.8
2024/1/2 5:00,DE,Fossil Oil,393.85
2024/1/2 5:00,DE,Hydro,1020.9
2024/1/2 5:00,ES,Biomass,253.0
2024/1/2 5:00,ES,Fossil Coal,272.0
2024/1/2 5:00,ES,Fossil Gas,3848.0
2024/1/2 5:00,ES,Fossil Oil,20.0
2024/1/2 5:00,ES,Hydro,-1899.0
2024/1/2 5:00,ES,Nuclear,7088.0
2024/1/2 5:00,HR,Biomass,76.0
2024/1/2 5:00,HR,Fossil Gas,266.4
2024/1/2 5:00,HR,Hydro,702.7
2024/1/2 5:00,HU,Biomass,103.075
2024/1/2 5:00,HU,Fossil Coal,259.0
2024/1/2 5:00,HU,Fossil Gas,490.525
2024/1/2 5:00,HU,Hydro,7.3
2024/1/2 5:00,HU,Nuclear,1880.7
2024/1/2 5:00,RO,Biomass,31.5
2024/1/2 5:00,RO,Fossil Coal,726.75
2024/1/2 5:00,RO,Fossil Gas,1410.0
2024/1/2 5:00,RO,Hydro,1984.0
2024/1/2 5:00,RO,Nuclear,1395.0
2024/1/2 6:00,AT,Biomass,135.0
2024/1/2 6:00,AT,Fossil Gas,352.0
2024/1/2 6:00,AT,Hydro,5166.0
2024/1/2 6:00,BG,Biomass,19.8
2024/1/2 6:00,BG,Fossil Coal,1387.85
2024/1/2 6:00,BG,Fossil Gas,345.07500000000005
2024/1/2 6:00,BG,Hydro,178.65
2024/1/2 6:00,BG,Nuclear,2123.2
2024/1/2 6:00,DE,Biomass,4375.4
2024/1/2 6:00,DE,Fossil Coal,5605.6
2024/1/2 6:00,DE,Fossil Gas,4030.25
2024/1/2 6:00,DE,Fossil Oil,393.17499999999995
2024/1/2 6:00,DE,Hydro,2691.175
2024/1/2 6:00,ES,Biomass,249.0
2024/1/2 6:00,ES,Fossil Coal,272.0
2024/1/2 6:00,ES,Fossil Gas,4015.0
2024/1/2 6:00,ES,Fossil Oil,36.0
2024/1/2 6:00,ES,Hydro,827.0
2024/1/2 6:00,ES,Nuclear,7087.0
2024/1/2 6:00,GR,Fossil Coal,659.25
2024/1/2 6:00,GR,Fossil Gas,807.0
2024/1/2 6:00,GR,Hydro,654.0
2024/1/2 6:00,HR,Biomass,76.0
2024/1/2 6:00,HR,Fossil Gas,266.3
2024/1/2 6:00,HR,Hydro,979.5
2024/1/2 6:00,HU,Biomass,103.27499999999999
2024/1/2 6:00,HU,Fossil Coal,284.8
2024/1/2 6:00,HU,Fossil Gas,458.15
2024/1/2 6:00,HU,Hydro,6.999999999999999
2024/1/2 6:00,HU,Nuclear,1883.35
2024/1/2 6:00,RO,Biomass,31.5
2024/1/2 6:00,RO,Fossil Coal,719.75
2024/1/2 6:00,RO,Fossil Gas,1404.75
2024/1/2 6:00,RO,Hydro,2175.75
2024/1/2 6:00,RO,Nuclear,1395.25
2024/1/2 7:00,AT,Biomass,136.0
2024/1/2 7:00,AT,Fossil Gas,352.0
2024/1/2 7:00,AT,Hydro,5728.3
2024/1/2 7:00,DE,Biomass,4487.25
2024/1/2 7:00,DE,Fossil Coal,5718.55
2024/1/2 7:00,DE,Fossil Gas,4682.925
2024/1/2 7:00,DE,Fossil Oil,393.575
2024/1/2 7:00,DE,Hydro,3751.6250000000005
2024/1/2 7:00,ES,Biomass,250.0
2024/1/2 7:00,ES,Fossil Coal,272.0
2024/1/2 7:00,ES,Fossil Gas,3491.0
2024/1/2 7:00,ES,Fossil Oil,44.0
2024/1/2 7:00,ES,Hydro,3143.0
2024/1/2 7:00,ES,Nuclear,7084.0
2024/1/2 7:00,FR,Biomass,341.75
2024/1/2 7:00,FR,Fossil Coal,15.25
2024/1/2 7:00,FR,Fossil Gas,2023.5
2024/1/2 7:00,FR,Fossil Oil,190.75
2024/1/2 7:00,FR,Hydro,8901.75
2024/1/2 7:00,FR,Nuclear,44717.25
2024/1/2 7:00,HR,Biomass,75.2
2024/1/2 7:00,HR,Fossil Gas,268.8
2024/1/2 7:00,HR,Hydro,1107.6000000000001
2024/1/2 7:00,HU,Biomass,107.77499999999999
2024/1/2 7:00,HU,Fossil Coal,296.05
2024/1/2 7:00,HU,Fossil Gas,483.125
2024/1/2 7:00,HU,Hydro,7.0249999999999995
2024/1/2 7:00,HU,Nuclear,1879.2250000000001
2024/1/2 7:00,IT,Biomass,344.75
2024/1/2 7:00,IT,Fossil Coal,1181.5
2024/1/2 7:00,IT,Fossil Gas,12801.0
2024/1/2 7:00,IT,Fossil Oil,19.75
2024/1/2 7:00,IT,Hydro,4208.0
2024/1/2 7:00,PL,Biomass,276.05
2024/1/2 7:00,PL,Fossil Coal,11895.800000000001
2024/1/2 7:00,PL,Fossil Gas,2235.225
2024/1/2 7:00,PL,Fossil Oil,371.15
2024/1/2 7:00,PL,Hydro,592.225
2024/1/2 7:00,RO,Biomass,32.0
2024/1/2 7:00,RO,Fossil Coal,820.25
2024/1/2 7:00,RO,Fossil Gas,1436.5
2024/1/2 7:00,RO,Hydro,2213.0
2024/1/2 7:00,RO,Nuclear,1395.25
2024/1/2 7:00,RS,Biomass,30.0
2024/1/2 7:00,RS,Fossil Coal,2655.0
2024/1/2 7:00,RS,Fossil Gas,213.75
2024/1/2 7:00,RS,Hydro,2179.75
2024/1/2 7:00,SK,Biomass,86.02499999999999
2024/1/2 7:00,SK,Fossil Coal,32.85
2024/1/2 7:00,SK,Fossil Gas,135.27499999999998
2024/1/2 7:00,SK,Fossil Oil,51.550000000000004
2024/1/2 7:00,SK,Hydro,1098.0
2024/1/2 7:00,SK,Nuclear,2448.575
2024/1/2 8:00,AT,Biomass,138.0
2024/1/2 8:00,AT,Fossil Gas,356.4
2024/1/2 8:00,AT,Hydro,5840.8
2024/1/2 8:00,DE,Biomass,4538.05
2024/1/2 8:00,DE,Fossil Coal,6054.35
2024/1/2 8:00,DE,Fossil Gas,5069.35
2024/1/2 8:00,DE,Fossil Oil,394.975
2024/1/2 8:00,DE,Hydro,5140.475
2024/1/2 8:00,ES,Biomass,255.0
2024/1/2 8:00,ES,Fossil Coal,285.0
2024/1/2 8:00,ES,Fossil Gas,3005.0
2024/1/2 8:00,ES,Fossil Oil,44.0
2024/1/2 8:00,ES,Hydro,4541.0
2024/1/2 8:00,ES,Nuclear,7086.0
2024/1/2 8:00,HR,Biomass,76.0
2024/1/2 8:00,HR,Fossil Gas,270.7
2024/1/2 8:00,HR,Hydro,1153.4
2024/1/2 8:00,HU,Biomass,110.57499999999999
2024/1/2 8:00,HU,Fossil Coal,309.85
2024/1/2 8:00,HU,Fossil Gas,449.05
2024/1/2 8:00,HU,Hydro,7.424999999999999
2024/1/2 8:00,HU,Nuclear,1873.7
2024/1/2 8:00,RO,Biomass,32.0
2024/1/2 8:00,RO,Fossil Coal,862.0
2024/1/2 8:00,RO,Fossil Gas,1470.0
2024/1/2 8:00,RO,Hydro,2414.0
2024/1/2 8:00,RO,Nuclear,1393.5
2024/1/2 9:00,AT,Biomass,142.0
2024/1/2 9:00,AT,Fossil Gas,354.1
2024/1/2 9:00,AT,Hydro,5685.0
2024/1/2 9:00,DE,Biomass,4527.5
2024/1/2 9:00,DE,Fossil Coal,6361.650000000001
2024/1/2 9:00,DE,Fossil Gas,5119.45
2024/1/2 9:00,DE,Fossil Oil,396.29999999999995
2024/1/2 9:00,DE,Hydro,3954.2999999999997
2024/1/2 9:00,ES,Biomass,249.0
2024/1/2 9:00,ES,Fossil Coal,292.0
2024/1/2 9:00,ES,Fossil Gas,2418.0
2024/1/2 9:00,ES,Fossil Oil,46.0
2024/1/2 9:00,ES,Hydro,3884.0
2024/1/2 9:00,ES,Nuclear,7090.0
2024/1/2 9:00,HR,Biomass,76.0
2024/1/2 9:00,HR,Fossil Gas,271.4
2024/1/2 9:00,HR,Hydro,1152.3
2024/1/2 9:00,HU,Biomass,111.85000000000001
2024/1/2 9:00,HU,Fossil Coal,277.59999999999997
2024/1/2 9:00,HU,Fossil Gas,340.67499999999995
2024/1/2 9:00,HU,Hydro,7.4750000000000005
2024/1/2 9:00,HU,Nuclear,1871.225
2024/1/2 9:00,RO,Biomass,30.5
2024/1/2 9:00,RO,Fossil Coal,843.0
2024/1/2 9:00,RO,Fossil Gas,1422.5
2024/1/2 9:00,RO,Hydro,2436.75
2024/1/2 9:00,RO,Nuclear,1390.0
2024/1/3 0:00,AT,Biomass,140.0
2024/1/3 0:00,AT,Fossil Gas,171.70000000000002
2024/1/3 0:00,AT,Hydro,2037.4999999999993
2024/1/3 0:00,DE,Biomass,4022.125
2024/1/3 0:00,DE,Fossil Coal,5566.075000000001
2024/1/3 0:00,DE,Fossil Gas,2857.25
2024/1/3 0:00,DE,Fossil Oil,398.1
2024/1/3 0:00,DE,Hydro,-2006.7250000000004
2024/1/3 0:00,ES,Biomass,263.0
2024/1/3 0:00,ES,Fossil Coal,300.0
2024/1/3 0:00,ES,Fossil Gas,2679.0
2024/1/3 0:00,ES,Fossil Oil,20.0
2024/1/3 0:00,ES,Hydro,-1658.0
2024/1/3 0:00,ES,Nuclear,7088.0
2024/1/3 0:00,HR,Biomass,76.8
2024/1/3 0:00,HR,Fossil Gas,281.0
2024/1/3 0:00,HR,Hydro,266.69999999999993
2024/1/3 0:00,HU,Biomass,107.925
2024/1/3 0:00,HU,Fossil Coal,270.925
2024/1/3 0:00,HU,Fossil Gas,424.625
2024/1/3 0:00,HU,Hydro,7.574999999999999
2024/1/3 0:00,HU,Nuclear,1874.8249999999998
2024/1/3 0:00,RO,Biomass,31.0
2024/1/3 0:00,RO,Fossil Coal,857.0
2024/1/3 0:00,RO,Fossil Gas,1413.0
2024/1/3 0:00,RO,Hydro,1527.25
2024/1/3 0:00,RO,Nuclear,1394.75
2024/1/3 10:00,AT,Biomass,136.0
2024/1/3 10:00,AT,Fossil Gas,249.0
2024/1/3 10:00,AT,Hydro,4502.7
2024/1/3 10:00,BG,Biomass,19.275
2024/1/3 10:00,BG,Fossil Coal,1638.025
2024/1/3 10:00,BG,Fossil Gas,314.5
2024/1/3 10:00,BG,Hydro,210.45
2024/1/3 10:00,BG,Nuclear,2123.05
2024/1/3 10:00,DE,Biomass,4300.0
2024/1/3 10:00,DE,Fossil Coal,5872.725
2024/1/3 10:00,DE,Fossil Gas,4388.575
2024/1/3 10:00,DE,Fossil Oil,398.5
2024/1/3 10:00,DE,Hydro,1899.9
2024/1/3 10:00,ES,Biomass,291.0
2024/1/3 10:00,ES,Fossil Coal,396.0
2024/1/3 10:00,ES,Fossil Gas,2335.0
2024/1/3 10:00,ES,Fossil Oil,42.0
2024/1/3 10:00,ES,Hydro,4255.0
2024/1/3 10:00,ES,Nuclear,7067.0
2024/1/3 10:00,GR,Fossil Coal,659.0
2024/1/3 10:00,GR,Fossil Gas,600.0
2024/1/3 10:00,GR,Hydro,207.75
2024/1/3 10:00,HR,Biomass,76.8
2024/1/3 10:00,HR,Fossil Gas,271.0
2024/1/3 10:00,HR,Hydro,975.3000000000001
2024/1/3 10:00,HU,Biomass,111.45
2024/1/3 10:00,HU,Fossil Coal,247.475
2024/1/3 10:00,HU,Fossil Gas,623.35
2024/1/3 10:00,HU,Hydro,7.574999999999999
2024/1/3 10:00,HU,Nuclear,1872.425
2024/1/3 10:00,RO,Biomass,34.0
2024/1/3 10:00,RO,Fossil Coal,872.75
2024/1/3 10:00,RO,Fossil Gas,1496.5
2024/1/3 10:00,RO,Hydro,2302.0
2024/1/3 10:00,RO,Nuclear,1309.25
2024/1/3 11:00,AT,Biomass,136.0
2024/1/3 11:00,AT,Fossil Gas,245.3
2024/1/3 11:00,AT,Hydro,4488.799999999999
2024/1/3 11:00,DE,Biomass,4258.425
2024/1/3 11:00,DE,Fossil Coal,5831.224999999999
2024/1/3 11:00,DE,Fossil Gas,4304.025
2024/1/3 11:00,DE,Fossil Oil,397.9
2024/1/3 11:00,DE,Hydro,1853.9999999999995
2024/1/3 11:00,ES,Biomass,295.0
2024/1/3 11:00,ES,Fossil Coal,413.0
2024/1/3 11:00,ES,Fossil Gas,2297.0
2024/1/3 11:00,ES,Fossil Oil,46.0
2024/1/3 11:00,ES,Hydro,3170.0
2024/1/3 11:00,ES,Nuclear,7078.0
2024/1/3 11:00,FR,Biomass,323.5
2024/1/3 11:00,FR,Fossil Coal,16.0
2024/1/3 11:00,FR,Fossil Gas,2083.0
2024/1/3 11:00,FR,Fossil Oil,191.0
2024/1/3 11:00,FR,Hydro,7640.75
2024/1/3 11:00,FR,Nuclear,46641.25
2024/1/3 11:00,HR,Biomass,76.8
2024/1/3 11:00,HR,Fossil Gas,279.5
2024/1/3 11:00,HR,Hydro,971.1999999999999
2024/1/3 11:00,HU,Biomass,110.775
2024/1/3 11:00,HU,Fossil Coal,248.67499999999998
2024/1/3 11:00,HU,Fossil Gas,645.325
2024/1/3 11:00,HU,Hydro,7.55
2024/1/3 11:00,HU,Nuclear,1874.125
2024/1/3 11:00,IT,Biomass,378.75
2024/1/3 11:00,IT,Fossil Coal,1179.0
2024/1/3 11:00,IT,Fossil Gas,8321.5
2024/1/3 11:00,IT,Fossil Oil,16.0
2024/1/3 11:00,IT,Hydro,2740.25
2024/1/3 11:00,PL,Biomass,275.5
2024/1/3 11:00,PL,Fossil Coal,12219.475
2024/1/3 11:00,PL,Fossil Gas,2258.95
2024/1/3 11:00,PL,Fossil Oil,360.04999999999995
2024/1/3 11:00,PL,Hydro,541.525
2024/1/3 11:00,RO,Biomass,37.75
2024/1/3 11:00,RO,Fossil Coal,884.25
2024/1/3 11:00,RO,Fossil Gas,1493.25
2024/1/3 11:00,RO,Hydro,2093.5
2024/1/3 11:00,RO,Nuclear,1321.75
2024/1/3 11:00,RS,Biomass,30.0
2024/1/3 11:00,RS,Fossil Coal,2829.25
2024/1/3 11:00,RS,Fossil Gas,220.0
2024/1/3 11:00,RS,Hydro,2180.5
2024/1/3 11:00,SK,Biomass,77.475
2024/1/3 11:00,SK,Fossil Coal,74.325
2024/1/3 11:00,SK,Fossil Gas,132.525
2024/1/3 11:00,SK,Fossil Oil,45.975
2024/1/3 11:00,SK,Hydro,1024.825
2024/1/3 11:00,SK,Nuclear,2420.05
2024/1/3 12:00,AT,Biomass,137.0
2024/1/3 12:00,AT,Fossil Gas,259.09999999999997
2024/1/3 12:00,AT,Hydro,4501.7
2024/1/3 12:00,DE,Biomass,4276.825
2024/1/3 12:00,DE,Fossil Coal,5962.2
2024/1/3 12:00,DE,Fossil Gas,4523.825
2024/1/3 12:00,DE,Fossil Oil,399.47499999999997
2024/1/3 12:00,DE,Hydro,1893.8000000000002
2024/1/3 12:00,ES,Biomass,299.0
2024/1/3 12:00,ES,Fossil Coal,404.0
2024/1/3 12:00,ES,Fossil Gas,2540.0
2024/1/3 12:00,ES,Fossil Oil,36.0
2024/1/3 12:00,ES,Hydro,3302.0
2024/1/3 12:00,ES,Nuclear,7091.0
2024/1/3 12:00,HR,Biomass,77.2
2024/1/3 12:00,HR,Fossil Gas,280.20000000000005
2024/1/3 12:00,HR,Hydro,961.6999999999999
2024/1/3 12:00,HU,Biomass,111.7
2024/1/3 12:00,HU,Fossil Coal,249.42499999999998
2024/1/3 12:00,HU,Fossil Gas,559.175
2024/1/3 12:00,HU,Hydro,7.6
2024/1/3 12:00,HU,Nuclear,1874.8
2024/1/3 12:00,RO,Biomass,40.75
2024/1/3 12:00,RO,Fossil Coal,835.0
2024/1/3 12:00,RO,Fossil Gas,1462.25
2024/1/3 12:00,RO,Hydro,2286.5
2024/1/3 12:00,RO,Nuclear,1333.0
2024/1/3 13:00,AT,Biomass,136.0
2024/1/3 13:00,AT,Fossil Gas,299.9
2024/1/3 13:00,AT,Hydro,4948.9
2024/1/3 13:00,DE,Biomass,4307.075
2024/1/3 13:00,DE,Fossil Coal,5794.675
2024/1/3 13:00,DE,Fossil Gas,4493.1
2024/1/3 13:00,DE,Fossil Oil,398.20000000000005
2024/1/3 13:00,DE,Hydro,1839.925
2024/1/3 13:00,ES,Biomass,305.0
2024/1/3 13:00,ES,Fossil Coal,390.0
2024/1/3 13:00,ES,Fossil Gas,2898.0
2024/1/3 13:00,ES,Fossil Oil,43.0
2024/1/3 13:00,ES,Hydro,4296.0
2024/1/3 13:00,ES,Nuclear,7090.0
2024/1/3 13:00,HR,Biomass,77.2
2024/1/3 13:00,HR,Fossil Gas,280.5
2024/1/3 13:00,HR,Hydro,1004.3
2024/1/3 13:00,HU,Biomass,107.75000000000001
2024/1/3 13:00,HU,Fossil Coal,244.925
2024/1/3 13:00,HU,Fossil Gas,585.025
2024/1/3 13:00,HU,Hydro,7.6
2024/1/3 13:00,HU,Nuclear,1876.4
2024/1/3 13:00,RO,Biomass,41.75
2024/1/3 13:00,RO,Fossil Coal,856.25
2024/1/3 13:00,RO,Fossil Gas,1469.75
2024/1/3 13:00,RO,Hydro,2221.25
2024/1/3 13:00,RO,Nuclear,1361.0
2024/1/3 14:00,AT,Biomass,136.0
2024/1/3 14:00,AT,Fossil Gas,333.5
2024/1/3 14:00,AT,Hydro,6044.7
2024/1/3 14:00,BG,Biomass,19.0
2024/1/3 14:00,BG,Fossil Coal,1446.9
2024/1/3 14:00,BG,Fossil Gas,322.47499999999997
2024/1/3 14:00,BG,Hydro,432.57499999999993
2024/1/3 14:00,BG,Nuclear,2122.125
2024/1/3 14:00,DE,Biomass,4409.950000000001
2024/1/3 14:00,DE,Fossil Coal,5933.724999999999
2024/1/3 14:00,DE,Fossil Gas,4668.625
2024/1/3 14:00,DE,Fossil Oil,398.1
2024/1/3 14:00,DE,Hydro,2570.575
2024/1/3 14:00,ES,Biomass,298.0
2024/1/3 14:00,ES,Fossil Coal,373.0
2024/1/3 14:00,ES,Fossil Gas,3418.0
2024/1/3 14:00,ES,Fossil Oil,48.0
2024/1/3 14:00,ES,Hydro,4557.0
2024/1/3 14:00,ES,Nuclear,7088.0
2024/1/3 14:00,GR,Fossil Coal,659.0
2024/1/3 14:00,GR,Fossil Gas,1284.5
2024/1/3 14:00,GR,Hydro,1106.25
2024/1/3 14:00,HR,Biomass,77.2
2024/1/3 14:00,HR,Fossil Gas,277.90000000000003
2024/1/3 14:00,HR,Hydro,1284.9
2024/1/3 14:00,HU,Biomass,107.2
2024/1/3 14:00,HU,Fossil Coal,252.875
2024/1/3 14:00,HU,Fossil Gas,629.075
2024/1/3 14:00,HU,Hydro,7.6
2024/1/3 14:00,HU,Nuclear,1875.5
2024/1/3 14:00,RO,Biomass,42.25
2024/1/3 14:00,RO,Fossil Coal,872.75
2024/1/3 14:00,RO,Fossil Gas,1474.0
2024/1/3 14:00,RO,Hydro,2238.25
2024/1/3 14:00,RO,Nuclear,1364.0
2024/1/3 15:00,AT,Biomass,132.0
2024/1/3 15:00,AT,Fossil Gas,341.5
2024/1/3 15:00,AT,Hydro,6928.6
2024/1/3 15:00,DE,Biomass,4601.35
2024/1/3 15:00,DE,Fossil Coal,6759.474999999999
2024/1/3 15:00,DE,Fossil Gas,5086.625
2024/1/3 15:00,DE,Fossil Oil,398.1
2024/1/3 15:00,DE,Hydro,5120.825000000001
2024/1/3 15:00,ES,Biomass,286.0
2024/1/3 15:00,ES,Fossil Coal,357.0
2024/1/3 15:00,ES,Fossil Gas,4461.0
2024/1/3 15:00,ES,Fossil Oil,46.0
2024/1/3 15:00,ES,Hydro,4463.0
2024/1/3 15:00,ES,Nuclear,7088.0
2024/1/3 15:00,FR,Biomass,323.0
2024/1/3 15:00,FR,Fossil Coal,16.0
2024/1/3 15:00,FR,Fossil Gas,2053.0
2024/1/3 15:00,FR,Fossil Oil,191.0
2024/1/3 15:00,FR,Hydro,10221.0
2024/1/3 15:00,FR,Nuclear,46828.5
2024/1/3 15:00,HR,Biomass,77.2
2024/1/3 15:00,HR,Fossil Gas,278.2
2024/1/3 15:00,HR,Hydro,1308.7
2024/1/3 15:00,HU,Biomass,109.05
2024/1/3 15:00,HU,Fossil Coal,255.35000000000002
2024/1/3 15:00,HU,Fossil Gas,599.85
2024/1/3 15:00,HU,Hydro,7.6
2024/1/3 15:00,HU,Nuclear,1874.35
2024/1/3 15:00,IT,Biomass,382.0
2024/1/3 15:00,IT,Fossil Coal,1178.75
2024/1/3 15:00,IT,Fossil Gas,11956.25
2024/1/3 15:00,IT,Fossil Oil,16.75
2024/1/3 15:00,IT,Hydro,6101.25
2024/1/3 15:00,PL,Biomass,275.725
2024/1/3 15:00,PL,Fossil Coal,12387.099999999999
2024/1/3 15:00,PL,Fossil Gas,2289.625
2024/1/3 15:00,PL,Fossil Oil,365.2
2024/1/3 15:00,PL,Hydro,1040.575
2024/1/3 15:00,RO,Biomass,43.5
2024/1/3 15:00,RO,Fossil Coal,858.5
2024/1/3 15:00,RO,Fossil Gas,1452.25
2024/1/3 15:00,RO,Hydro,2225.5
2024/1/3 15:00,RO,Nuclear,1365.75
2024/1/3 15:00,RS,Biomass,30.0
2024/1/3 15:00,RS,Fossil Coal,2816.25
2024/1/3 15:00,RS,Fossil Gas,276.75
2024/1/3 15:00,RS,Hydro,2446.75
2024/1/3 15:00,SK,Biomass,76.5
2024/1/3 15:00,SK,Fossil Coal,74.775
2024/1/3 15:00,SK,Fossil Gas,134.625
2024/1/3 15:00,SK,Fossil Oil,45.175
2024/1/3 15:00,SK,Hydro,1524.575
2024/1/3 15:00,SK,Nuclear,2417.9249999999997
2024/1/3 16:00,AT,Biomass,136.0
2024/1/3 16:00,AT,Fossil Gas,342.5
2024/1/3 16:00,AT,Hydro,6921.1
2024/1/3 16:00,DE,Biomass,4718.025
2024/1/3 16:00,DE,Fossil Coal,7507.049999999999
2024/1/3 16:00,DE,Fossil Gas,5179.4
2024/1/3 16:00,DE,Fossil Oil,400.57500000000005
2024/1/3 16:00,DE,Hydro,6544.35
2024/1/3 16:00,ES,Biomass,300.0
2024/1/3 16:00,ES,Fossil Coal,341.0
2024/1/3 16:00,ES,Fossil Gas,5734.0
2024/1/3 16:00,ES,Fossil Oil,49.0
2024/1/3 16:00,ES,Hydro,5621.0
2024/1/3 16:00,ES,Nuclear,7088.0
2024/1/3 16:00,HR,Biomass,77.2
2024/1/3 16:00,HR,Fossil Gas,277.9
2024/1/3 16:00,HR,Hydro,1335.8000000000002
2024/1/3 16:00,HU,Biomass,109.07499999999999
2024/1/3 16:00,HU,Fossil Coal,268.175
2024/1/3 16:00,HU,Fossil Gas,632.4499999999999
2024/1/3 16:00,HU,Hydro,7.6
2024/1/3 16:00,HU,Nuclear,1873.8000000000002
2024/1/3 16:00,RO,Biomass,43.75
2024/1/3 16:00,RO,Fossil Coal,865.25
2024/1/3 16:00,RO,Fossil Gas,1470.0
2024/1/3 16:00,RO,Hydro,2424.0
2024/1/3 16:00,RO,Nuclear,1368.75
2024/1/3 17:00,AT,Biomass,136.0
2024/1/3 17:00,AT,Fossil Gas,341.20000000000005
2024/1/3 17:00,AT,Hydro,7025.5
2024/1/3 17:00,DE,Biomass,4751.1
2024/1/3 17:00,DE,Fossil Coal,7784.5
2024/1/3 17:00,DE,Fossil Gas,5191.275
2024/1/3 17:00,DE,Fossil Oil,410.175
2024/1/3 17:00,DE,Hydro,6649.700000000001
2024/1/3 17:00,ES,Biomass,303.0
2024/1/3 17:00,ES,Fossil Coal,352.0
2024/1/3 17:00,ES,Fossil Gas,6284.0
2024/1/3 17:00,ES,Fossil Oil,47.0
2024/1/3 17:00,ES,Hydro,7055.0
2024/1/3 17:00,ES,Nuclear,7088.0
2024/1/3 17:00,HR,Biomass,77.2
2024/1/3 17:00,HR,Fossil Gas,278.0
2024/1/3 17:00,HR,Hydro,1351.4
2024/1/3 17:00,HU,Biomass,109.525
2024/1/3 17:00,HU,Fossil Coal,267.40000000000003
2024/1/3 17:00,HU,Fossil Gas,648.625
2024/1/3 17:00,HU,Hydro,7.6
2024/1/3 17:00,HU,Nuclear,1873.55
2024/1/3 17:00,RO,Biomass,42.25
2024/1/3 17:00,RO,Fossil Coal,868.5
2024/1/3 17:00,RO,Fossil Gas,1481.25
2024/1/3 17:00,RO,Hydro,2470.0
2024/1/3 17:00,RO,Nuclear,1368.5
2024/1/3 18:00,AT,Biomass,136.0
2024/1/3 18:00,AT,Fossil Gas,339.7
2024/1/3 18:00,AT,Hydro,7064.2
2024/1/3 18:00,BG,Biomass,19.674999999999997
2024/1/3 18:00,BG,Fossil Coal,1438.525
2024/1/3 18:00,BG,Fossil Gas,329.57500000000005
2024/1/3 18:00,BG,Hydro,213.97500000000002
2024/1/3 18:00,BG,Nuclear,2121.8500000000004
2024/1/3 18:00,DE,Biomass,4692.475
2024/1/3 18:00,DE,Fossil Coal,7437.325
2024/1/3 18:00,DE,Fossil Gas,5067.925
2024/1/3 18:00,DE,Fossil Oil,408.525
2024/1/3 18:00,DE,Hydro,5714.15
2024/1/3 18:00,ES,Biomass,303.0
2024/1/3 18:00,ES,Fossil Coal,345.0
2024/1/3 18:00,ES,Fossil Gas,6362.0
2024/1/3 18:00,ES,Fossil Oil,41.0
2024/1/3 18:00,ES,Hydro,7650.0
2024/1/3 18:00,ES,Nuclear,7087.0
2024/1/3 18:00,GR,Fossil Coal,661.75
2024/1/3 18:00,GR,Fossil Gas,1192.0
2024/1/3 18:00,GR,Hydro,922.25
2024/1/3 18:00,HR,Biomass,77.2
2024/1/3 18:00,HR,Fossil Gas,277.70000000000005
2024/1/3 18:00,HR,Hydro,1330.1
2024/1/3 18:00,HU,Biomass,108.8
2024/1/3 18:00,HU,Fossil Coal,251.7
2024/1/3 18:00,HU,Fossil Gas,647.075
2024/1/3 18:00,HU,Hydro,7.6
2024/1/3 18:00,HU,Nuclear,1872.175
2024/1/3 18:00,RO,Biomass,42.0
2024/1/3 18:00,RO,Fossil Coal,872.5
2024/1/3 18:00,RO,Fossil Gas,1483.5
2024/1/3 18:00,RO,Hydro,2438.75
2024/1/3 18:00,RO,Nuclear,1368.25
2024/1/3 19:00,AT,Biomass,136.0
2024/1/3 19:00,AT,Fossil Gas,342.4
2024/1/3 19:00,AT,Hydro,6776.599999999999
2024/1/3 19:00,DE,Biomass,4553.075
2024/1/3 19:00,DE,Fossil Coal,6930.575000000001
2024/1/3 19:00,DE,Fossil Gas,4905.225
2024/1/3 19:00,DE,Fossil Oil,413.90000000000003
2024/1/3 19:00,DE,Hydro,4858.0
2024/1/3 19:00,ES,Biomass,309.0
2024/1/3 19:00,ES,Fossil Coal,333.0
2024/1/3 19:00,ES,Fossil Gas,6158.0
2024/1/3 19:00,ES,Fossil Oil,40.0
2024/1/3 19:00,ES,Hydro,7907.0
2024/1/3 19:00,ES,Nuclear,7088.0
2024/1/3 19:00,FR,Biomass,323.75
2024/1/3 19:00,FR,Fossil Coal,15.75
2024/1/3 19:00,FR,Fossil Gas,2059.25
2024/1/3 19:00,FR,Fossil Oil,190.0
2024/1/3 19:00,FR,Hydro,10606.5
2024/1/3 19:00,FR,Nuclear,46704.0
2024/1/3 19:00,HR,Biomass,77.2
2024/1/3 19:00,HR,Fossil Gas,278.5
2024/1/3 19:00,HR,Hydro,1113.7
2024/1/3 19:00,HU,Biomass,108.32499999999999
2024/1/3 19:00,HU,Fossil Coal,241.675
2024/1/3 19:00,HU,Fossil Gas,653.6750000000001
2024/1/3 19:00,HU,Hydro,7.6
2024/1/3 19:00,HU,Nuclear,1871.425
2024/1/3 19:00,IT,Biomass,384.75
2024/1/3 19:00,IT,Fossil Coal,1178.25
2024/1/3 19:00,IT,Fossil Gas,9112.25
2024/1/3 19:00,IT,Fossil Oil,18.25
2024/1/3 19:00,IT,Hydro,3070.0
2024/1/3 19:00,PL,Biomass,270.67499999999995
2024/1/3 19:00,PL,Fossil Coal,10915.8
2024/1/3 19:00,PL,Fossil Gas,2165.65
2024/1/3 19:00,PL,Fossil Oil,366.05
2024/1/3 19:00,PL,Hydro,386.25
2024/1/3 19:00,RO,Biomass,43.0
2024/1/3 19:00,RO,Fossil Coal,868.5
2024/1/3 19:00,RO,Fossil Gas,1476.5
2024/1/3 19:00,RO,Hydro,2324.75
2024/1/3 19:00,RO,Nuclear,1371.75
2024/1/3 19:00,RS,Biomass,30.0
2024/1/3 19:00,RS,Fossil Coal,2891.75
2024/1/3 19:00,RS,Fossil Gas,283.75
2024/1/3 19:00,RS,Hydro,1822.75
2024/1/3 19:00,SK,Biomass,77.475
2024/1/3 19:00,SK,Fossil Coal,70.7
2024/1/3 19:00,SK,Fossil Gas,137.8
2024/1/3 19:00,SK,Fossil Oil,46.925
2024/1/3 19:00,SK,Hydro,1084.225
2024/1/3 19:00,SK,Nuclear,2422.925
2024/1/3 1:00,AT,Biomass,140.0
2024/1/3 1:00,AT,Fossil Gas,170.7
2024/1/3 1:00,AT,Hydro,1918.0999999999997
2024/1/3 1:00,DE,Biomass,3991.8
2024/1/3 1:00,DE,Fossil Coal,5519.825
2024/1/3 1:00,DE,Fossil Gas,2956.3
2024/1/3 1:00,DE,Fossil Oil,398.1
2024/1/3 1:00,DE,Hydro,-2044.1999999999998
2024/1/3 1:00,ES,Biomass,266.0
2024/1/3 1:00,ES,Fossil Coal,295.0
2024/1/3 1:00,ES,Fossil Gas,2611.0
2024/1/3 1:00,ES,Fossil Oil,20.0
2024/1/3 1:00,ES,Hydro,-2159.0
2024/1/3 1:00,ES,Nuclear,7090.0
2024/1/3 1:00,HR,Biomass,77.2
2024/1/3 1:00,HR,Fossil Gas,280.9
2024/1/3 1:00,HR,Hydro,281.70000000000005
2024/1/3 1:00,HU,Biomass,107.12499999999999
2024/1/3 1:00,HU,Fossil Coal,270.72499999999997
2024/1/3 1:00,HU,Fossil Gas,498.525
2024/1/3 1:00,HU,Hydro,7.574999999999999
2024/1/3 1:00,HU,Nuclear,1873.25
2024/1/3 1:00,RO,Biomass,31.0
2024/1/3 1:00,RO,Fossil Coal,866.5
2024/1/3 1:00,RO,Fossil Gas,1425.25
2024/1/3 1:00,RO,Hydro,1599.5
2024/1/3 1:00,RO,Nuclear,1395.0
2024/1/3 20:00,AT,Biomass,136.0
2024/1/3 20:00,AT,Fossil Gas,321.1
2024/1/3 20:00,AT,Hydro,6095.1
2024/1/3 20:00,DE,Biomass,4388.925000000001
2024/1/3 20:00,DE,Fossil Coal,6342.85
2024/1/3 20:00,DE,Fossil Gas,4456.8
2024/1/3 20:00,DE,Fossil Oil,417.2
2024/1/3 20:00,DE,Hydro,3333.15
2024/1/3 20:00,ES,Biomass,312.0
2024/1/3 20:00,ES,Fossil Coal,326.0
2024/1/3 20:00,ES,Fossil Gas,6169.0
2024/1/3 20:00,ES,Fossil Oil,43.0
2024/1/3 20:00,ES,Hydro,7626.0
2024/1/3 20:00,ES,Nuclear,7088.0
2024/1/3 20:00,HR,Biomass,77.2
2024/1/3 20:00,HR,Fossil Gas,279.5
2024/1/3 20:00,HR,Hydro,987.3
2024/1/3 20:00,HU,Biomass,108.675
2024/1/3 20:00,HU,Fossil Coal,237.3
2024/1/3 20:00,HU,Fossil Gas,525.575
2024/1/3 20:00,HU,Hydro,7.6
2024/1/3 20:00,HU,Nuclear,1870.475
2024/1/3 20:00,RO,Biomass,43.0
2024/1/3 20:00,RO,Fossil Coal,859.5
2024/1/3 20:00,RO,Fossil Gas,1509.25
2024/1/3 20:00,RO,Hydro,2246.25
2024/1/3 20:00,RO,Nuclear,1372.0
2024/1/3 21:00,AT,Biomass,138.0
2024/1/3 21:00,AT,Fossil Gas,330.3
2024/1/3 21:00,AT,Hydro,5609.7
2024/1/3 21:00,DE,Biomass,4303.7
2024/1/3 21:00,DE,Fossil Coal,6021.575
2024/1/3 21:00,DE,Fossil Gas,4159.025
2024/1/3 21:00,DE,Fossil Oil,409.6
2024/1/3 21:00,DE,Hydro,2841.2749999999996
2024/1/3 21:00,ES,Biomass,312.0
2024/1/3 21:00,ES,Fossil Coal,303.0
2024/1/3 21:00,ES,Fossil Gas,5595.0
2024/1/3 21:00,ES,Fossil Oil,44.0
2024/1/3 21:00,ES,Hydro,6386.0
2024/1/3 21:00,ES,Nuclear,7088.0
2024/1/3 21:00,HR,Biomass,76.8
2024/1/3 21:00,HR,Fossil Gas,279.6
2024/1/3 21:00,HR,Hydro,841.0999999999999
2024/1/3 21:00,HU,Biomass,107.95
2024/1/3 21:00,HU,Fossil Coal,233.45000000000002
2024/1/3 21:00,HU,Fossil Gas,445.725
2024/1/3 21:00,HU,Hydro,7.575
2024/1/3 21:00,HU,Nuclear,1870.95
2024/1/3 21:00,RO,Biomass,43.0
2024/1/3 21:00,RO,Fossil Coal,849.25
2024/1/3 21:00,RO,Fossil Gas,1501.0
2024/1/3 21:00,RO,Hydro,2160.0
2024/1/3 21:00,RO,Nuclear,1372.0
2024/1/3 22:00,AT,Biomass,136.0
2024/1/3 22:00,AT,Fossil Gas,266.1
2024/1/3 22:00,AT,Hydro,4682.1
2024/1/3 22:00,DE,Biomass,4208.975
2024/1/3 22:00,DE,Fossil Coal,6021.525
2024/1/3 22:00,DE,Fossil Gas,3925.325
2024/1/3 22:00,DE,Fossil Oil,365.84999999999997
2024/1/3 22:00,DE,Hydro,2121.475
2024/1/3 22:00,ES,Biomass,311.0
2024/1/3 22:00,ES,Fossil Coal,310.0
2024/1/3 22:00,ES,Fossil Gas,4886.0
2024/1/3 22:00,ES,Fossil Oil,44.0
2024/1/3 22:00,ES,Hydro,5615.0
2024/1/3 22:00,ES,Nuclear,7090.0
2024/1/3 22:00,HR,Biomass,77.2
2024/1/3 22:00,HR,Fossil Gas,280.6
2024/1/3 22:00,HR,Hydro,582.2
2024/1/3 22:00,HU,Biomass,107.07499999999999
2024/1/3 22:00,HU,Fossil Coal,241.45000000000002
2024/1/3 22:00,HU,Fossil Gas,398.075
2024/1/3 22:00,HU,Hydro,7.6
2024/1/3 22:00,HU,Nuclear,1872.5749999999998
2024/1/3 2:00,AT,Biomass,138.0
2024/1/3 2:00,AT,Fossil Gas,169.7
2024/1/3 2:00,AT,Hydro,1858.1000000000004
2024/1/3 2:00,BG,Biomass,18.675
2024/1/3 2:00,BG,Fossil Coal,1297.575
2024/1/3 2:00,BG,Fossil Gas,339.975
2024/1/3 2:00,BG,Hydro,121.42500000000001
2024/1/3 2:00,BG,Nuclear,2121.825
2024/1/3 2:00,DE,Biomass,3997.9
2024/1/3 2:00,DE,Fossil Coal,5505.425
2024/1/3 2:00,DE,Fossil Gas,2927.9749999999995
2024/1/3 2:00,DE,Fossil Oil,398.32500000000005
2024/1/3 2:00,DE,Hydro,-2225.4750000000004
2024/1/3 2:00,ES,Biomass,256.0
2024/1/3 2:00,ES,Fossil Coal,293.0
2024/1/3 2:00,ES,Fossil Gas,2532.0
2024/1/3 2:00,ES,Fossil Oil,20.0
2024/1/3 2:00,ES,Hydro,-2435.0
2024/1/3 2:00,ES,Nuclear,7089.0
2024/1/3 2:00,GR,Fossil Coal,724.5
2024/1/3 2:00,GR,Fossil Gas,413.75
2024/1/3 2:00,GR,Hydro,77.5
2024/1/3 2:00,HR,Biomass,77.2
2024/1/3 2:00,HR,Fossil Gas,280.70000000000005
2024/1/3 2:00,HR,Hydro,270.2
2024/1/3 2:00,HU,Biomass,103.65
2024/1/3 2:00,HU,Fossil Coal,270.3
2024/1/3 2:00,HU,Fossil Gas,451.27500000000003
2024/1/3 2:00,HU,Hydro,7.574999999999999
2024/1/3 2:00,HU,Nuclear,1872.4250000000002
2024/1/3 2:00,RO,Biomass,31.0
2024/1/3 2:00,RO,Fossil Coal,867.75
2024/1/3 2:00,RO,Fossil Gas,1421.75
2024/1/3 2:00,RO,Hydro,1605.0
2024/1/3 2:00,RO,Nuclear,1394.75
2024/1/3 3:00,AT,Biomass,136.0
2024/1/3 3:00,AT,Fossil Gas,169.5
2024/1/3 3:00,AT,Hydro,2040.0000000000002
2024/1/3 3:00,DE,Biomass,4010.525
2024/1/3 3:00,DE,Fossil Coal,5522.799999999999
2024/1/3 3:00,DE,Fossil Gas,2944.15
2024/1/3 3:00,DE,Fossil Oil,397.92500000000007
2024/1/3 3:00,DE,Hydro,-2222.9499999999994
2024/1/3 3:00,ES,Biomass,260.0
2024/1/3 3:00,ES,Fossil Coal,297.0
2024/1/3 3:00,ES,Fossil Gas,2523.0
2024/1/3 3:00,ES,Fossil Oil,20.0
2024/1/3 3:00,ES,Hydro,-2427.0
2024/1/3 3:00,ES,Nuclear,7086.0
2024/1/3 3:00,FR,Biomass,341.75
2024/1/3 3:00,FR,Fossil Coal,15.5
2024/1/3 3:00,FR,Fossil Gas,2052.0
2024/1/3 3:00,FR,Fossil Oil,190.0
2024/1/3 3:00,FR,Hydro,4170.0
2024/1/3 3:00,FR,Nuclear,42131.5
2024/1/3 3:00,HR,Biomass,77.2
2024/1/3 3:00,HR,Fossil Gas,281.29999999999995
2024/1/3 3:00,HR,Hydro,267.09999999999997
2024/1/3 3:00,HU,Biomass,103.525
2024/1/3 3:00,HU,Fossil Coal,271.75
2024/1/3 3:00,HU,Fossil Gas,408.19999999999993
2024/1/3 3:00,HU,Hydro,7.6
2024/1/3 3:00,HU,Nuclear,1872.6250000000002
2024/1/3 3:00,IT,Biomass,374.75
2024/1/3 3:00,IT,Fossil Coal,1190.75
2024/1/3 3:00,IT,Fossil Gas,6083.5
2024/1/3 3:00,IT,Fossil Oil,16.25
2024/1/3 3:00,IT,Hydro,1954.25
2024/1/3 3:00,PL,Biomass,279.5
2024/1/3 3:00,PL,Fossil Coal,9786.375
2024/1/3 3:00,PL,Fossil Gas,2055.3
2024/1/3 3:00,PL,Fossil Oil,368.59999999999997
2024/1/3 3:00,PL,Hydro,429.775
2024/1/3 3:00,RO,Biomass,31.0
2024/1/3 3:00,RO,Fossil Coal,837.5
2024/1/3 3:00,RO,Fossil Gas,1370.25
2024/1/3 3:00,RO,Hydro,1571.75
2024/1/3 3:00,RO,Nuclear,1395.5
2024/1/3 3:00,RS,Biomass,30.0
2024/1/3 3:00,RS,Fossil Coal,2690.75
2024/1/3 3:00,RS,Fossil Gas,214.75
2024/1/3 3:00,RS,Hydro,1366.25
2024/1/3 3:00,SK,Biomass,81.55000000000001
2024/1/3 3:00,SK,Fossil Coal,67.025
2024/1/3 3:00,SK,Fossil Gas,113.25
2024/1/3 3:00,SK,Fossil Oil,50.125
2024/1/3 3:00,SK,Hydro,698.725
2024/1/3 3:00,SK,Nuclear,2440.125
2024/1/3 4:00,AT,Biomass,136.0
2024/1/3 4:00,AT,Fossil Gas,171.3
2024/1/3 4:00,AT,Hydro,2352.9
2024/1/3 4:00,DE,Biomass,4051.5
2024/1/3 4:00,DE,Fossil Coal,5607.45
2024/1/3 4:00,DE,Fossil Gas,3114.925
2024/1/3 4:00,DE,Fossil Oil,397.92499999999995
2024/1/3 4:00,DE,Hydro,-2214.725
2024/1/3 4:00,ES,Biomass,257.0
2024/1/3 4:00,ES,Fossil Coal,304.0
2024/1/3 4:00,ES,Fossil Gas,2552.0
2024/1/3 4:00,ES,Fossil Oil,20.0
2024/1/3 4:00,ES,Hydro,-2339.0
2024/1/3 4:00,ES,Nuclear,7083.0
2024/1/3 4:00,HR,Biomass,77.2
2024/1/3 4:00,HR,Fossil Gas,279.1
2024/1/3 4:00,HR,Hydro,310.2
2024/1/3 4:00,HU,Biomass,105.35
2024/1/3 4:00,HU,Fossil Coal,265.35
2024/1/3 4:00,HU,Fossil Gas,415.25000000000006
2024/1/3 4:00,HU,Hydro,7.3999999999999995
2024/1/3 4:00,HU,Nuclear,1871.625
2024/1/3 4:00,RO,Biomass,31.0
2024/1/3 4:00,RO,Fossil Coal,762.75
2024/1/3 4:00,RO,Fossil Gas,1409.5
2024/1/3 4:00,RO,Hydro,1620.5
2024/1/3 4:00,RO,Nuclear,1395.5
2024/1/3 5:00,AT,Biomass,136.0
2024/1/3 5:00,AT,Fossil Gas,187.50000000000003
2024/1/3 5:00,AT,Hydro,2739.4
2024/1/3 5:00,DE,Biomass,4185.525
2024/1/3 5:00,DE,Fossil Coal,5734.375
2024/1/3 5:00,DE,Fossil Gas,3472.2000000000003
2024/1/3 5:00,DE,Fossil Oil,398.1
2024/1/3 5:00,DE,Hydro,-1056.1750000000002
2024/1/3 5:00,ES,Biomass,261.0
2024/1/3 5:00,ES,Fossil Coal,322.0
2024/1/3 5:00,ES,Fossil Gas,2822.0
2024/1/3 5:00,ES,Fossil Oil,20.0
2024/1/3 5:00,ES,Hydro,-1595.0
2024/1/3 5:00,ES,Nuclear,7079.0
2024/1/3 5:00,HR,Biomass,77.2
2024/1/3 5:00,HR,Fossil Gas,273.7
2024/1/3 5:00,HR,Hydro,753.3999999999999
2024/1/3 5:00,HU,Biomass,108.025
2024/1/3 5:00,HU,Fossil Coal,257.65
2024/1/3 5:00,HU,Fossil Gas,533.175
2024/1/3 5:00,HU,Hydro,7.6
2024/1/3 5:00,HU,Nuclear,1871.0749999999998
2024/1/3 5:00,RO,Biomass,31.0
2024/1/3 5:00,RO,Fossil Coal,749.75
2024/1/3 5:00,RO,Fossil Gas,1422.0
2024/1/3 5:00,RO,Hydro,2052.5
2024/1/3 5:00,RO,Nuclear,1395.75
2024/1/3 6:00,AT,Biomass,133.0
2024/1/3 6:00,AT,Fossil Gas,266.4
2024/1/3 6:00,AT,Hydro,4403.0
2024/1/3 6:00,BG,Biomass,18.925
2024/1/3 6:00,BG,Fossil Coal,1548.3249999999998
2024/1/3 6:00,BG,Fossil Gas,322.15
2024/1/3 6:00,BG,Hydro,242.32500000000005
2024/1/3 6:00,BG,Nuclear,2123.0750000000003
2024/1/3 6:00,DE,Biomass,4339.200000000001
2024/1/3 6:00,DE,Fossil Coal,5831.25
2024/1/3 6:00,DE,Fossil Gas,3883.65
2024/1/3 6:00,DE,Fossil Oil,398.1
2024/1/3 6:00,DE,Hydro,1778.9749999999997
2024/1/3 6:00,ES,Biomass,271.0
2024/1/3 6:00,ES,Fossil Coal,316.0
2024/1/3 6:00,ES,Fossil Gas,3029.0
2024/1/3 6:00,ES,Fossil Oil,33.0
2024/1/3 6:00,ES,Hydro,801.0
2024/1/3 6:00,ES,Nuclear,7080.0
2024/1/3 6:00,GR,Fossil Coal,783.75
2024/1/3 6:00,GR,Fossil Gas,436.75
2024/1/3 6:00,GR,Hydro,394.75
2024/1/3 6:00,HR,Biomass,77.2
2024/1/3 6:00,HR,Fossil Gas,272.2
2024/1/3 6:00,HR,Hydro,1015.4
2024/1/3 6:00,HU,Biomass,109.9
2024/1/3 6:00,HU,Fossil Coal,267.975
2024/1/3 6:00,HU,Fossil Gas,642.2
2024/1/3 6:00,HU,Hydro,7.549999999999999
2024/1/3 6:00,HU,Nuclear,1871.6000000000001
2024/1/3 6:00,RO,Biomass,30.5
2024/1/3 6:00,RO,Fossil Coal,865.25
2024/1/3 6:00,RO,Fossil Gas,1424.0
2024/1/3 6:00,RO,Hydro,2347.5
2024/1/3 6:00,RO,Nuclear,1395.75
2024/1/3 7:00,AT,Biomass,132.0
2024/1/3 7:00,AT,Fossil Gas,312.5
2024/1/3 7:00,AT,Hydro,5401.2
2024/1/3 7:00,DE,Biomass,4482.549999999999
2024/1/3 7:00,DE,Fossil Coal,5888.55
2024/1/3 7:00,DE,Fossil Gas,4365.55
2024/1/3 7:00,DE,Fossil Oil,398.1
2024/1/3 7:00,DE,Hydro,3413.725
2024/1/3 7:00,ES,Biomass,286.0
2024/1/3 7:00,ES,Fossil Coal,312.0
2024/1/3 7:00,ES,Fossil Gas,2727.0
2024/1/3 7:00,ES,Fossil Oil,46.0
2024/1/3 7:00,ES,Hydro,3444.0
2024/1/3 7:00,ES,Nuclear,7081.0
2024/1/3 7:00,FR,Biomass,331.5
2024/1/3 7:00,FR,Fossil Coal,16.0
2024/1/3 7:00,FR,Fossil Gas,2079.0
2024/1/3 7:00,FR,Fossil Oil,190.75
2024/1/3 7:00,FR,Hydro,7246.25
2024/1/3 7:00,FR,Nuclear,46485.0
2024/1/3 7:00,HR,Biomass,76.0
2024/1/3 7:00,HR,Fossil Gas,270.3
2024/1/3 7:00,HR,Hydro,1032.9
2024/1/3 7:00,HU,Biomass,111.25
2024/1/3 7:00,HU,Fossil Coal,263.5
2024/1/3 7:00,HU,Fossil Gas,647.5999999999999
2024/1/3 7:00,HU,Hydro,7.5
2024/1/3 7:00,HU,Nuclear,1874.525
2024/1/3 7:00,IT,Biomass,375.0
2024/1/3 7:00,IT,Fossil Coal,1186.25
2024/1/3 7:00,IT,Fossil Gas,9974.75
2024/1/3 7:00,IT,Fossil Oil,16.0
2024/1/3 7:00,IT,Hydro,3920.25
2024/1/3 7:00,PL,Biomass,277.82500000000005
2024/1/3 7:00,PL,Fossil Coal,11788.349999999999
2024/1/3 7:00,PL,Fossil Gas,2189.3
2024/1/3 7:00,PL,Fossil Oil,361.75
2024/1/3 7:00,PL,Hydro,652.85
2024/1/3 7:00,RO,Biomass,31.0
2024/1/3 7:00,RO,Fossil Coal,883.5
2024/1/3 7:00,RO,Fossil Gas,1459.0
2024/1/3 7:00,RO,Hydro,2414.75
2024/1/3 7:00,RO,Nuclear,1368.25
2024/1/3 7:00,RS,Biomass,30.0
2024/1/3 7:00,RS,Fossil Coal,2861.25
2024/1/3 7:00,RS,Fossil Gas,212.75
2024/1/3 7:00,RS,Hydro,2192.0
2024/1/3 7:00,SK,Biomass,81.125
2024/1/3 7:00,SK,Fossil Coal,72.05
2024/1/3 7:00,SK,Fossil Gas,129.425
2024/1/3 7:00,SK,Fossil Oil,47.65
2024/1/3 7:00,SK,Hydro,1014.9
2024/1/3 7:00,SK,Nuclear,2434.2
2024/1/3 8:00,AT,Biomass,134.0
2024/1/3 8:00,AT,Fossil Gas,333.8
2024/1/3 8:00,AT,Hydro,5578.4
2024/1/3 8:00,DE,Biomass,4476.650000000001
2024/1/3 8:00,DE,Fossil Coal,6058.45
2024/1/3 8:00,DE,Fossil Gas,4602.075
2024/1/3 8:00,DE,Fossil Oil,397.7
2024/1/3 8:00,DE,Hydro,3443.8250000000003
2024/1/3 8:00,ES,Biomass,293.0
2024/1/3 8:00,ES,Fossil Coal,327.0
2024/1/3 8:00,ES,Fossil Gas,2844.0
2024/1/3 8:00,ES,Fossil Oil,48.0
2024/1/3 8:00,ES,Hydro,4885.0
2024/1/3 8:00,ES,Nuclear,7076.0
2024/1/3 8:00,HR,Biomass,77.2
2024/1/3 8:00,HR,Fossil Gas,269.6
2024/1/3 8:00,HR,Hydro,1013.0999999999999
2024/1/3 8:00,HU,Biomass,111.375
2024/1/3 8:00,HU,Fossil Coal,273.42499999999995
2024/1/3 8:00,HU,Fossil Gas,638.3
2024/1/3 8:00,HU,Hydro,6.4750000000000005
2024/1/3 8:00,HU,Nuclear,1873.625
2024/1/3 8:00,RO,Biomass,31.0
2024/1/3 8:00,RO,Fossil Coal,875.75
2024/1/3 8:00,RO,Fossil Gas,1468.5
2024/1/3 8:00,RO,Hydro,2431.75
2024/1/3 8:00,RO,Nuclear,1323.75
2024/1/3 9:00,AT,Biomass,136.0
2024/1/3 9:00,AT,Fossil Gas,300.8
2024/1/3 9:00,AT,Hydro,4791.7
2024/1/3 9:00,DE,Biomass,4378.275000000001
2024/1/3 9:00,DE,Fossil Coal,5916.7
2024/1/3 9:00,DE,Fossil Gas,4540.3
2024/1/3 9:00,DE,Fossil Oil,397.75
2024/1/3 9:00,DE,Hydro,2414.7250000000004
2024/1/3 9:00,ES,Biomass,281.0
2024/1/3 9:00,ES,Fossil Coal,345.0
2024/1/3 9:00,ES,Fossil Gas,2568.0
2024/1/3 9:00,ES,Fossil Oil,48.0
2024/1/3 9:00,ES,Hydro,4854.0
2024/1/3 9:00,ES,Nuclear,7068.0
2024/1/3 9:00,HR,Biomass,77.2
2024/1/3 9:00,HR,Fossil Gas,270.2
2024/1/3 9:00,HR,Hydro,986.8000000000001
2024/1/3 9:00,HU,Biomass,111.125
2024/1/3 9:00,HU,Fossil Coal,271.775
2024/1/3 9:00,HU,Fossil Gas,506.94999999999993
2024/1/3 9:00,HU,Hydro,7.574999999999999
2024/1/3 9:00,HU,Nuclear,1874.775
2024/1/3 9:00,RO,Biomass,30.5
2024/1/3 9:00,RO,Fossil Coal,865.25
2024/1/3 9:00,RO,Fossil Gas,1474.5
2024/1/3 9:00,RO,Hydro,2490.25
2024/1/3 9:00,RO,Nuclear,1335.75
