Date,DE,FR,ES,RO,HU,AT,PL,SK,RS,HR
2024/1/1 0:00,78.0,-18.2,40.73,3100.0,-44.745,31.985,279.4,-5.0,53.23,0.0675
2024/1/1 1:00,77.58,-18.51,29.82,2000.0,-545.47,17.7225,329.14,29.25,32.04,0.01
2024/1/1 2:00,84.605,-17.89,43.91,3100.0,-1390.0175,-11.46,348.62,-5.0,33.06,0.02
2024/1/1 3:00,86.7275,8.77,39.35,2000.0,-941.39,-16.0425,279.4,-5.0,31.35,0.0
2024/1/1 4:00,41.89,-1.125,39.17,3100.0,-116.8175,23.3425,266.69,-4.4975,5.59,0.0
2024/1/1 5:00,101.365,-11.81,39.02,2000.0,-1.31,64.36,279.4,-5.0,26.55,0.0
2024/1/1 6:00,30.4575,51.115,1.9,1176.17,31003.0325,5.62,374.88,-5.0,27.77,-17.535
2024/1/1 7:00,7.9925,65.51,1.33,674.2275,-622.5525,-51.6525,374.36,-5.0,36.68,-81.47
2024/1/1 8:00,-49.57,-22.585,13.39,-1979.2925,-1350.84,20.4875,374.88,-5.0,40.04,-59.565
2024/1/1 9:00,7.0925,-8.995,1.52,-699.07,-365.5425,7.42,375.55,-3.4925,64.35,0.06
2024/1/1 10:00,-23.16,-2.635,1.04,-1285.65,-17584.4525,15.7175,376.08,-4.4975,36.89,0.08
2024/1/1 11:00,15.285,-21.845,0.41,-494.0125,-50637.7675,-29.78,376.08,29.25,31.97,0.76
2024/1/1 12:00,-10.91,-17.14,0.0,-149.3275,-41094.61,-37.7375,376.75,-5.0,34.34,3.14
2024/1/1 13:00,109.885,-12.095,-0.57,-761.8275,20104.62,22.4,377.03,63.5,35.51,4.12
2024/1/1 14:00,126.5825,-6.13,0.0,-324.73,99283.41,100.72,376.16,97.75,42.09,11.0
2024/1/1 15:00,77.1125,28.235,0.0,-222.125,73689.065,171.435,376.68,97.75,68.49,44.66
2024/1/1 16:00,-11.4875,51.125,0.24,-312.505,-3112.78,29.855,392.88,-5.0,90.74,69.05
2024/1/1 17:00,57.0325,76.715,5.06,-126.5925,23449.1,65.1325,374.88,-5.0,103.93,70.13
2024/1/1 18:00,79.5075,43.985,36.58,-1542.1975,79200.9325,66.4825,313.34,-5.0,41.06,83.26
2024/1/1 19:00,28.8875,-7.39,39.28,-529.9725,39985.315,52.02,312.14,29.25,0.0,76.94
2024/1/1 20:00,77.62,17.335,59.56,-502.2675,-324.75,-6.24,375.48,-4.4975,42.61,29.14
2024/1/1 21:00,76.8275,10.11,39.96,724.4475,-517.8825,-9.5425,374.88,-5.0,31.81,26.74
2024/1/1 22:00,-13.1375,20.975,42.5,214.445,37139.4,-34.265,375.48,130.7475,5.56,39.93
2024/1/1 23:00,77.4325,-3.11,10.12,-410.68,23864.2475,-749.0125,375.48,29.25,70.13,21.33
2024/1/2 0:00,-86.075,-15.38,4.72,-1032.355,-1807.01,-1391.33,269.65,-5.0,65.15,28.88
2024/1/2 1:00,-54.845,11.465,0.08,-263.275,-1971.4575,-1225.145,256.94,-5.0,10.71,23.35
2024/1/2 2:00,89.19,-25.47,0.05,138.685,2239.01,0.2075,265.52,-4.495,3.0,36.72
2024/1/2 3:00,-59.91,-21.335,0.12,-561.2,6320.26,10.3725,269.02,-4.7475,63.79,21.77
2024/1/2 4:00,-32.8325,-34.93,0.04,742.255,3802.09,-27.775,280.49,-5.0,34.01,13.08
2024/1/2 5:00,-17.0325,-0.53,52.11,161.1075,89849.745,21.075,284.1,30.5,92.1,45.23
2024/1/2 6:00,-56.325,34.305,0.28,-506.8775,17661.59,56.7975,311.64,29.25,0.0,62.29
2024/1/2 7:00,-36.69,10.845,14.14,-334.225,-2383.03,54.655,422.3,17.35,9.4,96.99
2024/1/2 8:00,97.5,8.72,40.53,2301.3075,-1533.0225,10.9275,473.05,99.0975,1.6,100.72
2024/1/2 9:00,121.715,11.8,38.49,1108.4225,-1061.695,73.3125,421.96,86.31,81.21,87.54
2024/1/2 10:00,53.47,18.085,22.52,-403.2825,-3142.5,65.93,353.72,-3.4975,0.0,58.09
2024/1/2 11:00,117.145,46.9,20.43,-399.1875,27232.1425,115.02,317.63,87.63,20.34,45.2
2024/1/2 12:00,101.5025,51.1,66.95,-751.72,58231.225,75.855,320.61,90.12,15.73,46.7
2024/1/2 13:00,83.58,56.88,65.39,-700.375,51553.98,97.58,307.48,130.5,28.75,62.89
2024/1/2 14:00,103.8,58.72,80.46,74.9525,74666.46,92.705,323.14,94.58,12.61,48.48
2024/1/2 15:00,81.49,51.91,39.11,2195.4225,104449.6625,122.675,421.36,96.44,12.88,114.6
2024/1/2 16:00,110.61,0.715,5.63,1303.82,105179.2075,77.68,422.3,107.4075,0.0,84.43
2024/1/2 17:00,90.315,-7.995,36.15,990.5125,34953.62,77.485,421.35,72.4125,48.83,117.0
2024/1/2 18:00,14.31,61.87,43.1,955.8825,69138.6375,83.575,411.07,0.0,12.15,94.85
2024/1/2 19:00,22.2025,21.505,42.94,1017.345,-1575.745,55.8475,354.33,62.1175,8.54,87.17
2024/1/2 20:00,107.9375,18.56,46.36,1648.625,-1397.66,21.715,359.58,64.87,0.0,71.41
2024/1/2 21:00,117.295,-26.09,43.16,850.0,-1744.2525,39.67,411.07,58.16,110.02,29.46
2024/1/2 22:00,266.1325,-41.895,11.75,850.0,-1144.8125,-11.7925,306.1,54.26,33.62,43.0325
2024/1/2 23:00,110.2325,-44.53,0.0,-300.0,44786.8175,65.3875,274.64,37.4525,47.83,35.67
2024/1/3 0:00,92.1675,11.345,86.78,-1400.0,-321.8725,3.1,260.96,30.7575,80.0,18.54
2024/1/3 1:00,-15.9925,59.0,80.92,-435.885,-5362.495,-6.9075,223.43,28.2475,47.54,14.21
2024/1/3 2:00,54.08,31.975,0.89,-2480.73,-1217.05,-12.8525,260.96,29.25,48.29,19.01
2024/1/3 3:00,54.375,-6.185,46.82,718.2575,-1731.165,-26.3,260.96,-5.0,38.5,18.66
2024/1/3 4:00,49.4875,-22.21,0.0,-2228.1925,-1986.445,-10.97,260.96,-5.0,0.0,16.81
2024/1/3 5:00,8.3275,2.925,0.0,167.8925,-3732.115,-13.3775,260.97,29.25,3.66,22.01
2024/1/3 6:00,105.3075,2.245,0.76,-577.46,-964.26,1.6,318.0,28.75,0.0,40.74
2024/1/3 7:00,-22.8025,77.655,20.28,548.605,-298.225,72.8625,412.9,-4.0,87.82,63.1
2024/1/3 8:00,84.28,74.0,54.7,850.0,72933.5925,84.155,417.93,-3.5,123.93,74.88
2024/1/3 9:00,-9.525,31.96,58.31,1707.89,-14871.575,55.7075,412.92,-3.0,120.13,90.76
2024/1/3 10:00,-40.5275,84.47,53.75,1043.215,-2422.9525,-27.87,417.93,-4.5,24.39,83.82
2024/1/3 11:00,3.695,70.635,51.68,2000.0,-888.7475,31.6725,412.92,28.0,100.48,80.6
2024/1/3 12:00,105.1,66.11,29.81,3100.0,42329.97,38.81,412.9,125.25,94.03,79.23
2024/1/3 13:00,-5.635,64.86,49.06,196.3525,-1296.8475,-23.0325,417.93,91.0,98.46,79.09
2024/1/3 14:00,17.1175,78.01,106.88,-1400.0,-537.5925,67.725,418.69,-2.925,120.97,87.5
2024/1/3 15:00,78.1725,63.405,47.52,-300.0,19343.89,87.0375,430.76,-2.9,106.77,57.01
2024/1/3 16:00,110.37,79.975,36.88,-1963.6,-492.5525,26.295,430.78,91.0,188.55,62.49
2024/1/3 17:00,111.35,39.265,52.85,-300.0,-505.1125,55.7125,430.76,61.0,120.82,50.69
2024/1/3 18:00,79.5575,81.705,64.22,-1400.0,0.0,89.275,417.93,-1.0,120.59,68.55
2024/1/3 19:00,115.675,65.935,56.96,-300.0,0.0,62.1775,417.94,30.0,114.23,115.91
2024/1/3 20:00,31.24,78.915,36.01,850.0,0.0,45.7025,411.2,127.5,49.99,102.52
2024/1/3 21:00,55.145,25.54,30.46,1425.0,20000.0,33.955,412.9,64.55,34.91,94.37
2024/1/3 22:00,75.9525,20.045,28.26,-1469.455,0.0,85.4775,411.19,64.55,16.59,78.0
2024/1/3 23:00,68.13,26.47,31.19,62.7325,0.0,34.045,411.18,29.25,8.15,46.495
2024/1/4 0:00,-15.0925,29.76,24.64,2663.8875,1217.9175,23.6575,393.27,29.25,73.52,34.38
2024/1/4 1:00,-6.65,26.98,21.73,576.79,-652.52,35.535,390.08,62.75,93.51,30.28
2024/1/4 2:00,8.6525,55.71,53.94,-1906.9675,-409.005,-1.8875,389.78,-5.0,51.61,24.915
2024/1/4 3:00,59.3475,28.7,50.39,-428.3475,-501.0475,0.3575,386.66,-5.0,8.41,21.895
2024/1/4 4:00,90.6275,27.27,41.21,-1339.12,-2238.555,7.7525,391.63,-5.0,10.7,36.62
2024/1/4 5:00,72.19,49.705,26.67,269.61,94564.275,27.5875,398.07,29.25,28.73,70.63
2024/1/4 6:00,98.6925,63.21,25.42,-1123.9775,44258.61,81.5975,410.3,132.0,0.0,50.16
2024/1/4 7:00,81.775,95.995,58.76,-315.34,576.5775,57.765,425.07,96.125,24.39,56.8325
2024/1/4 8:00,93.135,77.54,57.26,-2265.73,906.7075,84.315,508.79,-3.125,105.8,-96.3625
2024/1/4 9:00,-98.17,88.52,72.95,-357.255,-209.5175,-10.045,425.07,25.375,114.15,-119.1475
2024/1/4 10:00,121.575,83.755,75.01,2075.0,-6912.335,55.195,425.06,26.0,179.25,11.365
2024/1/4 11:00,150.6475,86.485,83.18,2000.0,-1673.8,61.785,425.06,97.75,74.3,59.405
2024/1/4 12:00,140.76,134.45,71.37,3300.0,1443.89,-2.395,398.06,30.15,185.82,54.925
2024/1/4 13:00,129.025,87.575,117.17,1978.695,2350.89,105.6925,398.77,31.125,18.13,59.6
2024/1/4 14:00,102.415,107.555,70.6,1039.695,2712.09,110.0025,425.07,-2.85,76.59,63.2775
2024/1/4 15:00,29.825,47.47,69.31,1060.33,2826.2325,61.3175,517.02,102.92,3.65,68.3925
2024/1/4 16:00,141.655,15.555,52.85,1457.24,42955.6925,210.2625,518.24,109.3475,16.49,104.21
2024/1/4 17:00,147.3475,25.965,66.03,545.5475,60724.0,107.3,600.0,119.535,44.35,154.21
2024/1/4 18:00,68.6125,196.64,70.31,-1600.0,2742.435,118.88,603.14,162.82,54.16,155.6
2024/1/4 19:00,87.85,105.35,71.74,1.96,60977.815,113.7775,578.41,113.0,0.0,152.17
2024/1/4 20:00,72.7475,36.86,70.06,-1118.26,46078.28,70.16,571.22,141.97,80.27,80.31
2024/1/4 21:00,116.7875,91.515,60.92,2000.0,2500.315,98.6825,517.05,132.52,147.72,56.34
2024/1/4 22:00,82.575,94.655,48.61,2075.0,48485.7075,86.52,410.3,-3.475,126.9,109.43
2024/1/4 23:00,129.575,111.31,54.31,1382.6225,70123.745,121.0975,398.43,30.5,114.54,123.96
2024/1/5 0:00,133.6925,101.735,43.63,-1600.0,62933.68,62.3425,413.36,97.5025,130.98,86.08
2024/1/5 1:00,111.1975,100.985,46.4,-228.1125,24294.83,22.9775,413.36,63.2525,116.99,96.61
2024/1/5 2:00,-35.11,60.69,39.77,1416.805,12018.755,31.44,413.37,-2.99,110.19,92.41
2024/1/5 3:00,23.325,18.1,48.64,632.3425,48625.3625,38.8975,456.14,30.755,159.48,102.0
2024/1/5 4:00,151.08,15.79,51.07,-375.0,84372.9025,57.37,569.32,96.0025,172.35,101.18
2024/1/5 5:00,73.655,25.39,51.59,-460.01,26144.75,-7.32,570.0,62.0,100.95,104.97
2024/1/5 6:00,-38.2425,55.11,59.69,-375.0,47516.54,-29.4825,571.11,29.5025,112.14,108.755
2024/1/5 7:00,78.0475,75.5,45.22,275.0,61068.4825,100.6925,613.58,34.2575,49.26,100.85
2024/1/5 8:00,44.1075,172.06,54.79,-850.1175,5820.6775,81.1325,633.74,35.2575,136.97,61.9
2024/1/5 9:00,98.765,75.83,30.53,-238.23,3412.7075,70.6325,583.58,32.005,151.44,139.26
2024/1/5 10:00,63.005,54.815,18.53,-1247.7425,1191.275,111.815,579.62,64.945,0.0,136.15
2024/1/5 11:00,94.0025,90.445,47.67,-780.35,1399.8825,51.525,571.12,101.4025,139.36,78.77
2024/1/5 12:00,78.845,72.9,46.45,-1362.4825,63023.0575,63.06,582.12,136.3325,117.27,96.14
2024/1/5 13:00,128.2275,65.475,28.83,-247.1375,65667.7575,65.015,589.49,143.0,124.1,60.3
2024/1/5 14:00,90.6725,38.245,31.16,-620.67,22133.6,89.4525,597.75,155.635,125.18,150.33
2024/1/5 15:00,100.2725,27.47,5.88,-212.1075,22389.6125,91.6575,592.09,159.47,135.79,153.54
2024/1/5 16:00,157.8375,27.07,22.52,-541.2625,80522.495,165.0725,597.75,80.35,134.32,133.92
2024/1/5 17:00,139.6,41.7,47.43,311.5,3338.225,108.7375,605.97,79.025,173.24,159.98
2024/1/5 18:00,116.915,29.2,52.0,850.0,3047.73,73.09,633.74,153.25,174.88,156.48
2024/1/5 19:00,127.9375,78.245,61.83,3300.0,3874.01,57.435,579.62,151.0,140.73,152.04
2024/1/5 20:00,93.7675,35.05,79.95,2967.415,23156.925,63.195,570.52,106.2825,143.05,146.33
2024/1/5 21:00,94.7675,1.68,61.31,257.74,3877.96,53.0625,570.49,64.875,17.81,57.9
2024/1/5 22:00,83.1525,23.875,41.26,166.915,3928.6175,72.2925,494.44,95.5,0.0,56.95
2024/1/5 23:00,128.3025,42.225,61.06,1063.59,23857.5425,101.1675,413.36,96.25,13.61,86.8
2024/1/6 0:00,137.4725,41.7,77.66,2000.915,60041.4925,67.9825,406.11,131.25,132.35,65.8
2024/1/6 1:00,120.05,52.055,92.64,3300.0,63608.2925,92.3425,406.11,131.25,110.51,80.2
2024/1/6 2:00,50.27,33.15,49.53,3300.0,35219.9825,52.3525,406.11,130.5,125.96,76.13
2024/1/6 3:00,117.2125,101.445,49.93,3300.0,21910.78,33.225,384.02,130.5,0.0,102.21
2024/1/6 4:00,127.97,57.21,59.06,2075.0,29396.7775,-323.3275,384.02,130.5,0.0,102.21
2024/1/6 5:00,106.215,54.53,38.94,-1705.9975,3427.5425,-402.765,373.37,129.0,110.31,44.75
2024/1/6 6:00,53.735,53.79,51.37,-1600.0,2262.87,99.025,300.51,62.775,30.07,45.06
2024/1/6 7:00,73.1375,35.575,52.62,-940.6625,1289.0875,93.1125,323.23,63.55,3.85,48.83
2024/1/6 8:00,43.285,54.65,47.91,-311.7725,1419.845,85.6,386.62,63.525,18.83,70.72
2024/1/6 9:00,46.3725,74.105,37.31,-1202.6625,74230.695,89.845,406.11,131.25,125.94,110.675
2024/1/6 10:00,120.1425,64.1,15.21,-378.5475,118343.14,116.235,537.63,101.69,122.09,134.6425
2024/1/6 11:00,63.585,48.455,0.49,-668.53,23601.8775,110.9225,539.41,138.895,129.41,133.25
2024/1/6 12:00,53.9275,76.685,81.24,-169.665,81159.8525,79.8525,538.89,135.0,126.45,132.9
2024/1/6 13:00,132.8525,47.755,3.84,-1028.6575,64483.255,95.41,538.23,96.275,135.13,56.68
2024/1/6 14:00,141.9,74.2,0.82,1179.425,62417.675,78.3875,406.11,97.025,120.91,110.93
2024/1/6 15:00,124.5725,168.165,12.76,-1600.0,4668.8275,72.045,537.63,-1.9,32.92,130.6
2024/1/6 16:00,149.6575,63.06,25.45,744.68,29989.3775,82.5075,538.83,-3.45,45.36,126.645
2024/1/6 17:00,110.115,68.055,24.38,850.0,39784.2925,41.8625,485.66,-4.375,38.96,62.58
2024/1/6 18:00,154.205,24.865,86.69,-375.0,30516.74,101.2725,417.77,-2.675,17.63,62.18
2024/1/6 19:00,26.6,62.83,83.92,-1600.0,39528.69,120.6375,367.35,-2.05,26.79,79.2
2024/1/6 20:00,87.7375,61.29,63.3,564.45,30885.2825,5.7575,308.14,63.4,57.86,21.235
2024/1/6 21:00,124.29,99.75,57.32,-1600.0,21271.0825,54.3,300.52,129.75,0.0,-222.975
2024/1/6 22:00,118.8825,109.0,88.69,-1600.0,81676.275,104.545,300.52,129.75,15.83,60.2175
2024/1/6 23:00,126.29,98.655,67.84,-375.0,85551.165,104.22,290.9,62.75,0.0,54.92
2024/1/7 0:00,12.295,79.35,45.0,-2118.33,24088.6125,97.9575,303.15,-5.0,177.72,56.255
2024/1/7 1:00,36.2575,70.96,33.61,-1298.1975,14775.9875,78.975,295.29,29.25,132.4,53.8025
2024/1/7 2:00,72.065,56.145,45.5,-709.7875,1000.3525,94.6425,303.09,62.0,0.0,51.005
2024/1/7 3:00,92.0675,30.265,49.91,-538.565,2968.9875,104.2625,303.15,-4.225,0.0,49.815
2024/1/7 4:00,28.4375,20.125,18.35,2724.4875,7411.4475,98.2875,334.01,-2.675,86.44,50.0075
2024/1/7 5:00,14.72,24.98,67.78,2714.6775,47510.1925,101.7475,342.52,62.775,68.05,49.8525
2024/1/7 6:00,19.5075,18.895,74.9,971.1075,-455.66,98.0075,342.52,129.0,111.34,50.965
2024/1/7 7:00,117.5825,19.28,63.84,1157.8725,1320.1675,112.2125,308.88,30.075,40.87,95.0775
2024/1/7 8:00,96.025,23.135,76.28,885.635,-3351.4725,44.905,308.87,-3.45,14.07,49.07
2024/1/7 9:00,84.7625,157.555,36.13,885.0025,-1610.49,60.7625,388.48,125.75,10.43,84.86
2024/1/7 10:00,138.6175,254.785,40.64,912.54,2863.7375,112.785,408.11,126.75,105.26,121.38
2024/1/7 11:00,91.87,94.26,20.51,1068.11,1252.7925,78.53,408.11,126.5,115.51,123.87
2024/1/7 12:00,109.345,105.575,31.65,1221.45,1848.6225,75.2575,408.1,127.5,76.54,124.12
2024/1/7 13:00,164.57,108.96,51.41,920.655,3272.96,95.1875,408.1,130.5,72.7,84.81
2024/1/7 14:00,165.7625,25.115,48.92,1258.44,43375.2725,102.755,408.12,95.525,52.18,118.08
2024/1/7 15:00,164.1375,253.345,4.93,1315.17,79844.2025,130.3075,388.47,62.8,4.04,123.21
2024/1/7 16:00,129.5075,110.18,11.37,1221.955,61894.265,94.62,408.1,97.025,6.9,93.42
2024/1/7 17:00,116.1125,25.12,19.29,1182.295,22204.0125,144.8175,408.1,132.3675,44.76,122.125
2024/1/7 18:00,39.01,94.655,84.34,1278.215,60815.8625,111.785,408.11,129.0,0.0,104.85
2024/1/7 19:00,33.4825,123.095,87.21,1560.2175,61802.375,117.3225,408.1,95.5,41.18,144.07
2024/1/7 20:00,77.08,81.03,86.31,1862.2875,4506.4125,83.0375,388.49,62.525,45.72,140.7
2024/1/7 21:00,144.69,72.39,96.55,-63.5825,22451.3475,69.865,320.97,62.775,41.06,130.63
2024/1/7 22:00,45.99,78.57,77.53,-1514.51,1713.305,102.52,408.1,96.25,46.01,91.17
2024/1/7 23:00,131.4375,51.465,74.0,-838.62,43297.04,91.045,388.48,63.525,40.46,100.63
2024/1/8 0:00,3.2675,49.615,41.34,-588.76,3713.86,37.61,286.4,29.25,34.44,98.94
2024/1/8 1:00,69.5725,56.33,38.55,-432.2625,2730.4125,86.1725,335.35,95.5,33.15,113.54
2024/1/8 2:00,17.62,36.055,7.61,-1099.2325,3822.2225,167.225,341.92,96.25,12.55,101.74
2024/1/8 3:00,25.505,24.865,30.96,-1967.9575,4243.3875,242.4175,343.73,129.0,27.57,96.22
2024/1/8 4:00,75.845,28.43,42.58,-1640.365,21248.4625,79.8,351.83,95.5,27.41,107.8
2024/1/8 5:00,96.705,44.02,56.8,-381.3675,43656.69,81.905,338.16,64.275,21.55,82.1
2024/1/8 6:00,76.65,27.53,43.77,1435.2425,51775.72,105.5825,358.7,97.7625,22.32,113.16
2024/1/8 7:00,129.81,,66.19,2075.0,3446.365,70.515,497.09,152.955,11.15,154.2
2024/1/8 8:00,48.4025,,90.21,3300.0,42169.445,87.7475,541.38,167.775,165.24,169.55
2024/1/8 9:00,177.015,206.05,70.52,2087.08,82899.0725,113.655,600.0,164.96,157.86,164.96
2024/1/8 10:00,172.015,131.09,74.05,1172.93,4328.875,119.16,635.06,116.105,163.47,153.69
2024/1/8 11:00,79.655,84.23,91.18,972.49,1874.455,73.835,656.09,144.28,57.29,143.89
2024/1/8 12:00,89.855,93.07,97.5,1010.8,62040.6375,96.8775,645.86,145.2,46.95,133.67
2024/1/8 13:00,45.675,109.2,91.05,1318.86,67201.455,74.41,643.03,135.3,142.8,130.16
2024/1/8 14:00,54.295,294.275,87.78,1241.2875,42418.9225,132.3325,635.06,103.75,150.89,120.0
2024/1/8 15:00,86.705,269.105,81.12,1099.24,42716.5525,98.82,592.42,150.3775,163.7,151.16
2024/1/8 16:00,63.5025,,75.61,1249.915,66942.3,75.7275,593.89,171.92,235.93,166.115
2024/1/8 17:00,120.6675,,88.0,2099.58,91515.6075,90.2525,577.32,175.5,314.55,179.995
2024/1/8 18:00,139.3975,27.005,100.41,1275.885,65444.575,83.485,493.26,172.0,168.47,78.0
2024/1/8 19:00,79.7375,92.12,102.64,1459.0275,84970.26,107.7275,493.26,170.8675,136.78,170.83
2024/1/8 20:00,134.6925,195.145,106.96,1461.325,107056.3,93.31,481.13,162.715,216.0,152.1475
2024/1/8 21:00,94.9225,99.395,96.9,1658.8825,48989.1925,2.3075,493.26,112.855,161.38,134.905
2024/1/8 22:00,129.895,112.365,82.59,1300.97,61593.9225,-8.305,493.26,139.94,99.36,77.5175
2024/1/8 23:00,129.9675,99.705,70.47,1684.995,91455.245,28.0825,509.71,132.0,101.5,91.49
2024/1/9 0:00,127.9375,105.63,79.13,1180.5875,23750.5675,-1597.565,434.18,129.75,145.78,69.93
2024/1/9 1:00,135.8025,115.915,74.31,1311.88,36456.5,1777.56,450.21,97.0,138.01,103.49
2024/1/9 2:00,123.3075,116.975,85.42,1209.6825,40105.1225,58.765,407.99,130.5,133.07,102.0
2024/1/9 3:00,98.1525,118.365,83.46,940.475,39590.8175,-11.6025,437.47,130.5,54.16,100.91
2024/1/9 4:00,66.89,58.3,78.37,1035.9,19154.245,2.8275,407.99,129.0,62.18,102.06
2024/1/9 5:00,132.67,105.865,78.31,-869.275,24106.945,38.8425,407.98,131.25,86.47,125.2
2024/1/9 6:00,205.6,203.075,77.75,1415.545,74593.1975,63.3875,554.42,150.76,0.0,106.99
2024/1/9 7:00,188.9475,162.13,93.03,1836.2275,26073.5225,147.1325,601.0,128.225,3.2,170.11
2024/1/9 8:00,291.7225,132.95,103.63,1766.475,183740.9725,149.215,646.89,136.2775,191.63,185.79
2024/1/9 9:00,1099.34,117.54,109.81,1532.105,189724.65,221.79,677.86,-0.5,188.2,72.51
2024/1/9 10:00,1050.31,120.305,86.66,1984.605,6010.75,-1423.76,640.25,37.735,165.52,67.29
2024/1/9 11:00,114.375,212.215,83.16,-1600.0,5198.1875,115.8625,611.54,35.28,183.13,62.88
2024/1/9 12:00,83.9475,57.23,93.26,2075.0,62387.98,109.65,590.96,-1.875,167.12,59.6
2024/1/9 13:00,95.0425,110.38,82.62,850.0,23779.1375,129.6325,570.4,-1.625,171.23,59.93
2024/1/9 14:00,154.8575,101.05,92.26,2075.0,23396.1575,112.27,625.24,-1.75,189.26,66.18
2024/1/9 15:00,1261.2825,40.51,107.72,3300.0,41957.865,92.775,677.86,-0.625,174.8,71.31
2024/1/9 16:00,66.2875,155.045,107.42,1053.82,6178.01,79.6875,642.11,43.375,200.12,102.335
2024/1/9 17:00,90.7125,122.195,107.88,69.74,25681.0,135.795,688.19,47.9925,294.15,82.61
2024/1/9 18:00,134.24,203.315,142.16,-2325.6125,89354.685,121.2275,687.19,187.63,44.93,82.38
2024/1/9 19:00,140.3375,140.84,111.28,978.735,59523.25,85.11,640.25,174.625,62.18,78.04
2024/1/9 20:00,142.965,155.45,133.2,-598.51,9328.08,75.74,644.15,123.22,70.39,71.77
2024/1/9 21:00,105.72,122.145,79.19,-845.2475,2582.1475,-199.15,638.99,113.8975,37.71,66.62
2024/1/9 22:00,106.78,276.355,74.68,-375.0,53454.495,71.2125,619.58,108.4875,77.98,84.385
2024/1/9 23:00,142.1525,160.865,64.51,-1681.3625,59462.5475,93.5475,494.34,99.045,136.31,77.145
2024/1/10 0:00,152.3825,172.89,71.83,-1600.0,43060.64,83.435,467.28,32.325,150.74,71.025
2024/1/10 1:00,145.0425,129.87,81.95,-1600.0,26215.1,82.9,418.26,32.325,25.87,69.41
2024/1/10 2:00,138.5425,120.88,86.36,-1600.0,66375.1475,75.205,389.12,98.025,41.24,69.385
2024/1/10 3:00,141.285,56.375,74.54,-915.66,20025.28,61.6475,411.61,128.25,44.35,51.43
2024/1/10 4:00,115.8525,89.86,76.34,-488.78,48664.575,73.89,455.42,97.125,45.69,69.865
2024/1/10 5:00,133.3075,88.955,82.47,584.8825,28593.77,78.5825,597.58,64.525,47.22,72.48
2024/1/10 6:00,176.615,65.45,81.1,333.0,62192.5025,112.85,630.17,115.5475,14.18,109.47
2024/1/10 7:00,196.6375,34.63,65.33,850.0,28839.295,2017.82,654.83,179.765,0.0,152.845
2024/1/10 8:00,274.1025,238.755,90.09,3300.0,72361.4675,1068.6075,655.49,146.405,164.11,141.29
2024/1/10 9:00,376.965,206.16,123.43,1139.7725,61020.11,142.9775,654.26,43.585,194.61,130.39
2024/1/10 10:00,180.155,208.23,104.36,-912.57,55532.94,118.95,630.16,-0.9,141.16,166.21
2024/1/10 11:00,163.8275,145.995,117.51,-940.265,5669.9375,164.8825,585.18,-3.425,0.0,152.78
2024/1/10 12:00,163.0375,186.84,113.25,-825.0325,8483.1975,14.6225,486.69,-4.0,26.75,121.87
2024/1/10 13:00,76.8225,130.43,85.06,-745.89,7988.4225,-506.6925,531.55,-2.75,164.46,64.25
2024/1/10 14:00,118.195,309.38,84.14,-1523.005,46918.44,-307.13,565.93,80.105,167.11,68.51
2024/1/10 15:00,184.435,232.065,81.43,-1200.0425,89468.3925,130.58,574.03,43.54,170.66,124.8
2024/1/10 16:00,72.0625,119.54,104.85,-575.7825,5559.56,62.1525,654.83,81.5375,177.67,135.61
2024/1/10 17:00,128.3725,173.59,70.65,-1212.6925,85250.67,98.8925,655.43,143.075,188.76,201.31
2024/1/10 18:00,157.465,357.165,85.59,-1655.645,26130.5,81.98,655.43,95.4975,0.0,196.0
2024/1/10 19:00,180.4625,131.185,97.02,-253.36,8130.25,104.7725,654.47,137.505,70.88,79.29
2024/1/10 20:00,624.7775,136.005,95.94,-124.965,64875.7125,97.3,630.17,81.7975,43.5,72.0
2024/1/10 21:00,165.0,129.125,90.08,-627.625,14197.13,88.95,630.16,113.3725,158.47,109.2
2024/1/10 22:00,170.6475,51.77,73.18,-772.5275,4174.57,-379.145,557.2,107.8475,167.66,104.39
2024/1/10 23:00,154.2225,88.34,56.41,3158.9,64271.5325,80.0225,429.0,-2.95,139.6,76.43
2024/1/11 0:00,156.4125,130.635,69.83,6.94,81789.1625,117.8725,493.43,32.1,132.79,55.05
2024/1/11 1:00,162.0025,127.12,44.39,-451.98,60443.975,58.68,461.73,129.75,0.0,53.15
2024/1/11 2:00,131.985,102.935,51.11,-226.2025,72050.8125,75.2725,413.85,97.95,47.86,52.35
2024/1/11 3:00,141.7125,96.395,60.2,-155.805,12277.5,78.775,406.79,130.5,50.07,82.38
2024/1/11 4:00,120.2325,104.665,72.13,-77.2725,65351.435,85.1075,418.87,131.25,67.2,98.435
2024/1/11 5:00,141.9175,112.23,67.74,1130.71,81217.375,88.4725,493.43,132.0,110.12,88.91
2024/1/11 6:00,148.965,105.405,49.65,-375.0,77028.0525,107.515,598.2,104.6275,47.42,102.93
2024/1/11 7:00,92.0225,107.285,55.81,850.0,87081.7875,147.2025,599.4,160.9125,48.34,141.25
2024/1/11 8:00,133.8925,87.59,78.6,850.0,73771.7975,167.5375,598.21,96.475,170.39,197.4
2024/1/11 9:00,135.5675,109.835,75.16,-2169.9175,227962.285,143.155,598.2,42.705,177.81,180.82
2024/1/11 10:00,116.225,65.9,75.03,-615.3,102380.665,103.2775,598.2,36.0275,174.65,159.11
2024/1/11 11:00,129.5125,83.33,80.56,-533.5775,51162.0875,108.675,598.2,-4.0,58.95,149.07
2024/1/11 12:00,142.8125,127.245,72.45,-570.1025,9019.2525,72.1775,569.7,136.19,56.42,99.38
2024/1/11 13:00,121.7575,62.585,62.19,-1034.94,15389.655,63.06,546.83,132.7,33.36,59.4
2024/1/11 14:00,118.8075,41.085,57.34,-1228.5025,14013.195,103.8775,572.36,145.0,223.65,84.785
2024/1/11 15:00,141.5575,30.2,45.3,-332.74,47777.6975,114.77,565.35,-1.05,208.03,164.75
2024/1/11 16:00,125.355,28.22,51.08,-267.345,52922.7775,122.5575,565.35,46.5,174.33,110.47
2024/1/11 17:00,189.2725,28.12,45.99,422.445,93400.66,152.6325,565.35,46.75,196.3,118.865
2024/1/11 18:00,125.905,25.485,74.88,1827.3675,91608.95,87.1425,548.65,-0.25,232.2,110.065
2024/1/11 19:00,122.6225,30.97,92.05,1639.675,50714.51,86.2725,480.88,89.3075,212.64,158.77
2024/1/11 20:00,135.5225,130.09,110.45,-1163.4175,46687.96,103.4075,529.87,-2.5475,181.69,119.67
2024/1/11 21:00,138.1025,126.815,72.32,-430.8775,48095.345,123.69,440.96,-1.5975,189.69,128.63
2024/1/11 22:00,151.5975,102.42,66.42,-750.7,12077.92,41.22,279.39,32.2,164.45,60.0
2024/1/11 23:00,156.2875,101.665,61.81,-411.765,13679.15,108.31,294.03,-3.1,127.65,96.12
2024/1/12 0:00,144.9525,46.97,60.17,872.06,15544.5975,105.315,282.22,-3.1,82.64,54.29
2024/1/12 1:00,127.4875,82.08,66.46,2214.6675,17299.83,94.7475,288.11,-4.05,187.65,52.65
2024/1/12 2:00,131.2725,46.265,70.95,1371.0625,19340.0,91.5225,343.67,-2.1,181.8,102.66
2024/1/12 3:00,129.4125,40.13,71.16,3034.235,27315.6,59.165,405.01,-2.1,156.81,68.01
2024/1/12 4:00,91.2375,42.97,86.41,1454.205,24665.6375,100.4375,409.97,30.1475,87.12,52.15
2024/1/12 5:00,110.44,64.185,75.17,2075.0,8898.6925,73.005,474.89,29.7,112.64,74.025
2024/1/12 6:00,147.855,82.26,47.5,2425.8125,11505.2575,77.6525,577.15,74.46,141.31,106.05
2024/1/12 7:00,155.915,81.51,45.69,1457.085,32868.4925,124.8075,586.35,39.5,173.32,72.75
2024/1/12 8:00,167.0525,29.575,65.4,1318.39,88232.2475,141.235,584.61,0.0,183.73,84.44
2024/1/12 9:00,120.16,40.825,55.21,1518.2375,111823.555,142.655,563.27,-3.75,165.38,80.98
2024/1/12 10:00,174.155,133.64,45.82,1399.7275,57848.2975,122.875,576.86,42.4525,161.81,73.21
2024/1/12 11:00,173.3275,111.135,45.0,1430.975,94054.7775,187.8,568.54,119.31,145.37,68.84
2024/1/12 12:00,161.9325,126.35,93.04,1569.05,92756.2675,73.8075,437.69,74.385,140.2,64.19
2024/1/12 13:00,159.6475,107.785,75.98,792.6125,89336.02,132.015,444.45,-1.0,144.75,82.465
2024/1/12 14:00,188.66,99.745,59.71,-1986.6425,83982.325,148.915,508.24,71.8375,158.74,62.72
2024/1/12 15:00,155.5275,71.515,36.43,2637.4425,47281.115,94.1,451.2,36.7475,231.9,132.0
2024/1/12 16:00,176.585,39.875,30.93,3300.0,14484.5025,131.0375,526.22,82.75,189.67,96.0
2024/1/12 17:00,160.74,40.225,36.57,3300.0,18201.75,110.71,549.01,87.875,176.55,127.5
2024/1/12 18:00,95.64,43.565,63.37,1909.4325,15336.175,151.5975,560.24,146.45,82.58,75.6
2024/1/12 19:00,121.0125,50.415,72.51,1352.015,19200.8325,136.24,567.25,73.415,149.88,71.68
2024/1/12 20:00,116.745,54.525,72.83,1406.75,16864.9625,136.7075,441.65,35.365,0.0,67.035
2024/1/12 21:00,62.695,68.01,101.8,1683.42,50093.5125,55.835,333.34,32.8425,73.36,120.875
2024/1/12 22:00,130.6475,77.165,68.22,1422.6275,64972.06,126.11,376.46,64.65,151.61,134.6
2024/1/12 23:00,65.0775,42.645,65.48,1151.0875,20993.1675,-1449.38,358.71,29.25,145.04,88.3
2024/1/13 0:00,2102.595,92.85,61.14,1378.84,54296.255,99.155,308.83,64.3,126.27,54.0
2024/1/13 1:00,105.1625,53.37,75.93,3300.0,31405.6975,117.485,301.75,30.825,187.65,67.785
2024/1/13 2:00,141.6525,51.18,85.33,3300.0,40636.5,126.8075,301.75,30.8,127.14,65.6
2024/1/13 3:00,99.2275,93.44,80.59,2075.0,39203.0,127.145,301.75,30.8,177.9,109.86
2024/1/13 4:00,55.1,102.81,70.15,-1600.0,14539.5125,104.035,281.76,-2.675,38.94,90.0
2024/1/13 5:00,105.935,88.16,72.93,-914.2575,11828.4325,52.0125,301.75,29.0225,185.25,45.86
2024/1/13 6:00,89.0675,83.07,61.83,-488.17,10666.565,64.1575,301.75,94.7425,29.19,82.92
2024/1/13 7:00,39.3475,88.005,53.29,-1474.5525,9848.5525,49.72,349.85,62.275,6.45,67.28
2024/1/13 8:00,80.39,54.81,54.58,1369.9425,10189.2125,104.64,443.52,64.0475,1.18,109.81
2024/1/13 9:00,138.0475,156.86,34.23,-1246.7075,30931.275,78.725,445.16,129.995,0.0,122.19
2024/1/13 10:00,140.305,148.87,35.07,-170.3275,63475.0775,124.43,444.56,132.0,151.94,117.43
2024/1/13 11:00,165.8125,158.765,36.54,-519.735,92363.78,121.99,444.78,129.995,218.7,46.13
2024/1/13 12:00,260.7925,199.72,69.6,-586.9675,103534.5825,133.8175,445.8,65.05,106.33,42.84
2024/1/13 13:00,162.245,230.79,72.14,-1658.6775,93071.6525,102.78,445.81,32.525,134.74,42.83
2024/1/13 14:00,140.6375,207.11,82.03,939.83,52975.5175,130.23,445.18,98.75,156.07,84.67
2024/1/13 15:00,142.205,199.005,66.21,1412.355,39496.2475,1018.3525,444.1,64.75,136.66,137.48
2024/1/13 16:00,94.4675,95.765,75.9,1502.6575,61127.635,119.4075,444.09,71.615,147.51,128.45
2024/1/13 17:00,138.8,57.595,68.64,1364.145,71134.2525,79.335,442.92,33.94,185.63,64.01
2024/1/13 18:00,112.19,117.165,77.06,2533.67,70704.525,118.92,443.52,68.74,274.8,63.64
2024/1/13 19:00,85.3725,119.56,75.69,-467.8225,36063.9375,109.3125,382.45,32.6325,72.33,83.41
2024/1/13 20:00,106.055,78.54,77.48,223.825,62632.0525,22.4225,367.02,64.275,49.99,76.535
2024/1/13 21:00,46.7325,80.935,68.39,3300.0,57659.515,95.815,349.86,95.75,44.91,52.14
2024/1/13 22:00,122.5175,139.735,71.75,2353.8975,61250.0025,103.7325,301.75,64.275,29.33,42.97
2024/1/13 23:00,79.02,28.06,53.92,1993.735,57449.1175,36.85,299.63,-5.0,9.55,41.99
2024/1/14 0:00,26.965,105.42,68.31,12.295,22779.36,-72.2475,340.71,97.75,0.0,55.505
2024/1/14 1:00,43.655,92.73,68.39,3163.4125,54320.7925,61.7725,342.08,32.05,95.07,53.825
2024/1/14 2:00,119.4425,104.585,52.64,3300.0,9665.0075,70.1575,340.71,65.275,92.99,66.62
2024/1/14 3:00,113.1825,109.965,38.32,2492.7275,12706.215,96.865,340.7,31.575,85.66,39.67
2024/1/14 4:00,121.7775,84.915,32.84,928.1525,19803.82,86.2725,340.29,-2.675,89.08,53.09
2024/1/14 5:00,136.575,53.785,26.89,905.2475,48202.685,82.8,340.29,-1.9,86.42,67.41
2024/1/14 6:00,8.64,46.455,19.72,818.3575,3882.9225,52.6775,301.56,-5.0,61.74,54.4
2024/1/14 7:00,154.5325,51.625,16.87,1138.145,3407.75,145.9625,342.09,-2.675,28.71,57.95
2024/1/14 8:00,102.2825,47.095,44.71,2075.0,40833.7875,100.785,357.29,65.05,114.64,77.04
2024/1/14 9:00,89.615,47.12,25.26,-1501.885,3834.07,112.01,340.7,120.0,52.09,99.145
2024/1/14 10:00,70.6175,82.5,47.25,-1236.2925,-3750.7875,99.155,340.7,126.0,31.07,116.07
2024/1/14 11:00,76.2925,107.5,63.77,-582.675,37441.2925,114.4075,301.57,132.0,39.49,115.22
2024/1/14 12:00,68.16,121.06,75.28,672.265,100743.505,42.38,340.71,132.0,36.79,112.98
2024/1/14 13:00,135.42,101.775,67.19,-3201.31,98670.5925,124.6875,301.56,132.0,46.58,77.04
2024/1/14 14:00,18.58,65.47,64.77,1612.9075,2132.55,84.0675,341.36,31.75,116.47,94.98
2024/1/14 15:00,138.6075,69.375,67.22,3300.0,43638.1425,66.465,340.7,64.75,45.18,115.25
2024/1/14 16:00,76.67,106.125,69.04,3179.16,6147.985,92.5525,317.7,31.7,202.65,121.27
2024/1/14 17:00,130.335,122.24,65.68,1018.1375,59813.5075,117.785,317.7,32.95,59.73,128.6
2024/1/14 18:00,108.8975,127.16,71.78,2037.1975,58862.25,96.535,316.1,31.5575,27.97,136.75
2024/1/14 19:00,52.325,122.555,90.47,1186.1075,42835.5525,105.275,301.56,126.0,0.0,125.54
2024/1/14 20:00,138.0125,88.165,88.75,1248.93,33778.1925,117.385,315.49,98.525,47.91,109.4125
2024/1/14 21:00,131.6775,38.27,63.82,1474.0875,11506.1275,95.35,340.7,30.025,32.5,79.86
2024/1/14 22:00,121.6975,58.04,69.23,1026.685,15538.38,100.875,357.29,30.025,30.48,76.87
2024/1/14 23:00,119.905,23.145,54.7,1007.09,15252.9075,98.18,340.7,132.0,18.87,54.585
2024/1/15 0:00,90.0725,64.755,33.72,923.115,52241.815,111.9875,341.04,64.5,99.12,85.115
2024/1/15 1:00,113.0175,48.095,67.0,852.8825,12630.5075,64.235,300.0,30.25,95.23,93.95
2024/1/15 2:00,86.075,60.845,56.73,881.9125,7952.975,53.59,266.46,-5.0,93.48,90.57
2024/1/15 3:00,19.13,47.62,63.26,1044.525,11272.2825,94.795,266.46,-0.5,83.6,86.86
2024/1/15 4:00,92.0075,50.655,57.2,1403.25,8975.1775,6.0125,266.46,31.25,95.07,62.58
2024/1/15 5:00,133.96,73.4,66.12,713.2575,48707.4425,53.5,312.37,64.5,116.02,100.965
2024/1/15 6:00,197.4525,78.505,23.29,1952.9925,54881.59,55.5125,319.32,64.5,139.69,92.54
2024/1/15 7:00,144.9025,38.32,55.29,1319.0125,31417.3125,66.0725,414.4,83.75,153.93,153.45
2024/1/15 8:00,171.715,11.075,77.65,1146.37,13811.48,125.195,412.2,-1.0,173.95,144.73
2024/1/15 9:00,116.9425,10.925,84.23,1016.1575,46487.8525,114.8425,456.44,34.2325,154.28,141.53
2024/1/15 10:00,139.855,21.535,82.81,1539.32,13626.9,92.585,456.44,31.3275,140.46,114.875
2024/1/15 11:00,99.3075,59.385,121.6,1013.3225,29515.44,120.3675,300.94,65.5,136.33,126.38
2024/1/15 12:00,701.525,37.575,73.32,1304.435,14095.415,103.2,415.78,-1.0,135.0,119.21
2024/1/15 13:00,136.3125,29.44,76.5,564.0925,14989.285,97.1475,412.2,-1.0,133.33,119.38
2024/1/15 14:00,82.585,22.23,81.45,-293.8425,12794.71,105.81,486.19,52.9725,149.16,54.13
2024/1/15 15:00,67.0575,33.485,81.49,-1817.3775,17081.735,74.4775,456.44,27.0,69.86,57.68
2024/1/15 16:00,65.4,70.755,77.14,978.0975,17221.05,128.67,412.2,72.1,241.35,61.89
2024/1/15 17:00,100.3275,90.005,68.31,1182.805,20434.31,149.8425,396.55,144.85,31.01,66.43
2024/1/15 18:00,62.56,25.165,79.63,1822.96,64943.2,22.0775,412.2,156.89,50.72,113.84
2024/1/15 19:00,114.9525,203.115,80.04,2068.0425,47243.5125,60.0,395.35,0.0,37.68,67.72
2024/1/15 20:00,57.5225,153.165,82.6,0.55,16983.56,55.2275,412.2,34.98,33.46,145.53
2024/1/15 21:00,52.6425,46.285,71.79,-71.565,13093.4675,46.855,303.55,-3.0,57.21,113.135
2024/1/15 22:00,124.89,28.735,71.88,-1880.1525,43455.46,-2060.9475,312.73,-3.0,82.62,91.79
2024/1/15 23:00,36.825,37.41,50.41,807.78,26489.3425,56.3575,312.73,-4.0,170.21,87.97
2024/1/16 0:00,26.7175,44.01,26.5,-778.705,24851.55,-1667.82,314.04,-4.475,112.67,82.96
2024/1/16 1:00,66.48,31.865,51.89,167.925,26308.6625,85.6725,318.77,-4.475,116.98,49.04
2024/1/16 2:00,30.3675,44.855,31.49,3300.0,30487.25,59.6025,319.2,-3.425,117.75,48.13
2024/1/16 3:00,77.8875,93.425,24.63,3335.42,64116.0525,71.945,318.77,-2.45,76.49,78.33
2024/1/16 4:00,78.3025,57.875,54.35,3407.16,18069.4475,99.385,314.04,30.775,26.9,46.52
2024/1/16 5:00,124.7275,137.36,29.45,2262.765,10195.2325,70.6825,326.34,30.25,3.92,50.72
2024/1/16 6:00,95.345,56.365,12.74,1510.06,53691.5625,71.5575,450.26,74.925,0.0,84.065
2024/1/16 7:00,102.8175,134.185,43.62,1364.8225,86457.4925,96.6975,565.76,176.51,1.22,98.265
2024/1/16 8:00,102.0875,105.29,69.18,1348.2025,23950.7375,62.6225,624.61,50.1875,67.64,86.47
2024/1/16 9:00,175.0325,33.69,60.94,1495.5725,30556.6075,121.26,626.42,95.51,134.12,83.16
2024/1/16 10:00,83.765,42.465,32.62,-146.9,7822.8225,42.2025,570.95,38.95,64.35,73.2
2024/1/16 11:00,78.27,30.37,36.81,-1501.2025,3455.7075,65.745,514.07,75.5,36.25,110.0
2024/1/16 12:00,53.705,37.765,57.13,-1898.0525,7195.5725,78.59,558.82,144.49,27.71,144.37
2024/1/16 13:00,114.6025,54.195,72.35,-1077.4125,-2595.105,111.4225,572.0,157.97,23.33,149.94
2024/1/16 14:00,74.125,44.085,22.69,-395.11,77457.0425,139.3325,626.98,170.88,0.0,160.15
2024/1/16 15:00,52.135,162.045,65.54,-195.6925,88093.9825,191.55,645.4,186.775,221.65,177.83
2024/1/16 16:00,100.445,53.135,11.75,1303.8875,13560.9425,136.1975,656.94,201.02,157.14,160.74
2024/1/16 17:00,98.515,84.82,16.23,3300.0,15675.9475,137.1775,643.65,195.52,243.79,112.265
2024/1/16 18:00,110.49,51.64,4.69,2253.4525,51481.47,126.5025,626.98,-3.25,0.0,80.38
2024/1/16 19:00,103.9725,61.495,9.76,1393.415,43516.555,131.3925,626.97,-1.725,0.0,75.31
2024/1/16 20:00,57.9275,72.355,14.0,200.5775,84069.73,182.9525,626.42,41.5125,162.91,93.175
2024/1/16 21:00,14.7225,35.75,11.73,-683.1475,49171.5275,598.8625,605.46,73.91,206.9,102.83
2024/1/16 22:00,83.04,48.22,0.0,461.9425,11209.65,82.425,562.94,34.4275,44.81,77.415
2024/1/16 23:00,119.9275,50.21,3.84,1979.175,14812.1475,109.1625,391.12,97.75,33.6,-5.3525
2024/1/17 0:00,63.6825,79.705,12.67,850.0,69851.3775,108.87,306.88,98.0,37.37,68.79
2024/1/17 1:00,95.795,63.645,87.76,2075.0,63370.5575,89.8425,317.22,30.7525,51.53,65.81
2024/1/17 2:00,40.18,82.96,0.04,3300.0,62724.2625,94.6875,323.25,130.5,41.63,46.39
2024/1/17 3:00,31.41,72.575,0.15,3300.0,27281.0875,103.8025,333.82,98.0,21.29,45.68
2024/1/17 4:00,96.6725,179.585,0.0,3300.0,51911.4725,105.8875,314.24,130.5,26.1,77.25
2024/1/17 5:00,57.5325,79.84,0.2,1289.215,65343.52,125.915,333.82,30.3,25.65,92.73
2024/1/17 6:00,31.7375,84.245,0.27,829.86,61880.86,1025.005,384.68,64.525,0.0,132.875
2024/1/17 7:00,101.34,45.105,13.5,2069.33,38945.055,224.9825,571.12,143.9675,153.0,166.21
2024/1/17 8:00,76.345,30.995,22.65,-2645.0875,27975.5975,281.6375,549.9,134.42,155.31,67.87
2024/1/17 9:00,74.925,207.26,24.2,-172.385,103394.3075,175.5225,549.54,109.625,177.79,64.82
2024/1/17 10:00,149.53,179.79,2.55,-752.2575,87643.245,118.9775,477.73,152.73,162.4,154.46
2024/1/17 11:00,148.4675,300.155,0.0,-1679.09,28953.0575,126.1875,505.53,155.54,149.64,155.54
2024/1/17 12:00,66.1525,152.22,0.0,2473.8675,50934.7225,142.465,549.54,40.165,155.42,136.115
2024/1/17 13:00,121.3925,35.015,0.0,2175.9075,104310.685,125.5075,477.73,-0.225,174.51,69.37
2024/1/17 14:00,129.7425,40.035,0.16,1234.1825,110068.985,94.83,574.07,123.445,159.76,162.32
2024/1/17 15:00,118.5425,58.815,0.88,2072.0775,84568.045,144.89,488.56,165.805,174.47,162.95
2024/1/17 16:00,122.7025,52.21,0.42,-1600.0,54819.7575,126.5125,418.22,126.75,150.25,118.92
2024/1/17 17:00,95.9825,23.13,3.81,-1600.0,59150.0125,139.94,420.23,131.0,263.85,77.96
2024/1/17 18:00,101.02,57.21,20.88,2243.305,69108.7425,79.335,411.92,167.3975,51.48,72.52
2024/1/17 19:00,128.64,108.395,71.78,1049.5125,90327.245,99.035,411.92,159.355,50.57,68.33
2024/1/17 20:00,90.53,100.49,26.84,-1194.615,73250.645,114.79,310.12,151.33,47.83,128.725
2024/1/17 21:00,-58.5525,53.445,5.14,-160.355,33900.3775,-69.13,418.22,99.9975,24.45,118.86
2024/1/17 22:00,83.655,47.465,1.02,-483.6775,46055.785,39.605,304.89,30.3,7.83,55.25
2024/1/17 23:00,85.11,61.075,0.0,-1428.75,10670.4975,95.495,295.72,129.75,19.61,50.9925
2024/1/18 0:00,118.38,109.84,-13.48,3300.0,72597.65,83.6,309.09,63.5,27.55,54.7275
2024/1/18 1:00,18.38,76.355,0.2,2474.1,42050.1675,98.335,325.47,64.0,35.52,61.57
2024/1/18 2:00,29.1925,46.665,3.2,2723.3825,9482.7725,80.095,358.8,129.75,66.5,104.34
2024/1/18 3:00,75.6525,90.215,0.54,857.1,17281.315,75.0725,315.49,130.5,45.11,59.13
2024/1/18 4:00,45.32,73.19,0.11,1202.8725,46497.89,53.35,315.49,96.25,44.31,90.48
2024/1/18 5:00,117.04,55.755,0.88,677.3975,56377.87,83.525,309.1,131.25,18.42,112.42
2024/1/18 6:00,152.395,67.725,0.05,-288.495,15884.3425,51.395,298.17,69.03,17.01,133.2225
2024/1/18 7:00,81.0625,65.265,16.99,1157.1375,16659.2925,87.6625,408.2,75.5,52.87,155.37
2024/1/18 8:00,76.505,158.45,34.68,2102.38,33599.3,120.3175,479.06,124.975,0.0,124.77
2024/1/18 9:00,102.22,120.805,20.39,1886.9975,35018.7725,151.4175,489.31,130.0375,151.89,170.42
2024/1/18 10:00,137.1425,226.915,-2.21,1172.6175,49417.535,141.845,533.06,122.965,58.2,139.295
2024/1/18 11:00,106.3025,49.565,3.58,1118.395,34520.4025,118.06,550.0,120.76,47.08,157.05
2024/1/18 12:00,93.855,24.35,-5.34,1284.0275,19675.3475,75.6475,563.73,-3.0,0.0,105.45
2024/1/18 13:00,95.9325,68.8,-1.89,-302.425,19869.825,85.8225,549.29,66.475,106.33,60.4
2024/1/18 14:00,76.825,45.13,-6.62,2075.0,19938.36,90.45,549.9,145.795,78.67,101.21
2024/1/18 15:00,112.5075,67.54,5.89,-1600.0,49463.6475,49.2325,550.0,152.91,0.0,146.71
2024/1/18 16:00,74.3475,74.735,8.11,-1600.0,42388.375,79.79,570.32,77.75,25.99,130.415
2024/1/18 17:00,61.9,177.095,45.78,-485.4975,20447.585,85.6825,549.9,31.7275,25.45,133.945
2024/1/18 18:00,111.1525,128.26,65.9,-2399.4,20613.555,106.6875,568.25,0.0,21.88,129.155
2024/1/18 19:00,116.035,91.47,56.99,959.5525,19700.2275,118.99,501.42,74.4825,0.0,83.335
2024/1/18 20:00,81.88,84.165,93.78,730.48,30444.42,4.0525,455.36,103.9725,44.7,58.67
2024/1/18 21:00,91.05,77.945,67.93,-801.425,26229.56,-337.0375,321.63,62.75,20.86,50.55
2024/1/18 22:00,47.63,98.985,39.38,693.6375,12999.62,92.8475,358.82,130.5,18.71,50.9225
2024/1/18 23:00,-19.1175,101.42,43.81,-1374.06,18929.805,75.1975,312.75,130.5,117.3,50.325
2024/1/19 0:00,-38.305,114.69,26.74,-900.5425,13521.7575,-21.3275,331.37,-5.0,26.47,41.72
2024/1/19 1:00,99.9325,121.9,35.81,-672.735,6026.0675,72.785,331.37,129.0,33.71,38.96
2024/1/19 2:00,99.63,144.905,73.11,-1018.93,3226.56,59.0125,297.17,28.5,19.21,78.53
2024/1/19 3:00,112.245,76.315,69.03,-687.5025,3470.4425,35.615,291.99,62.0,11.13,37.66
2024/1/19 4:00,59.0125,68.325,47.73,-775.755,5283.4525,56.2625,297.17,62.0,6.39,37.99
2024/1/19 5:00,27.15,37.41,29.18,-743.4525,7795.6725,19.9075,297.17,96.25,0.0,67.54
2024/1/19 6:00,113.925,116.92,12.34,-1043.915,11665.545,53.2325,320.9,62.775,41.63,93.89
2024/1/19 7:00,45.3725,217.845,4.42,-678.585,12298.785,111.525,408.38,96.25,25.75,73.45
2024/1/19 8:00,81.9875,234.475,53.48,-617.2525,32504.6125,101.3375,440.87,108.2275,31.32,104.27
2024/1/19 9:00,185.1775,248.68,63.92,-75.6725,39916.27,73.965,528.69,107.1475,31.86,144.76
2024/1/19 10:00,131.14,278.23,56.95,-720.11,64423.3825,102.6,528.69,31.1225,32.7,76.97
2024/1/19 11:00,87.485,149.855,45.82,221.2675,44870.5775,93.96,528.17,132.0,26.99,52.06
2024/1/19 12:00,71.695,3.885,61.92,2164.955,17668.845,77.1875,527.54,129.0,102.66,78.15
2024/1/19 13:00,93.2925,38.625,54.58,836.775,18992.7725,50.58,481.15,32.1825,117.74,88.79
2024/1/19 14:00,84.1,47.585,64.17,1234.8425,18061.69,48.9125,453.49,32.1825,95.67,90.97
2024/1/19 15:00,61.705,52.38,52.63,-3296.325,18613.865,48.8375,528.09,28.75,149.16,72.08
2024/1/19 16:00,19.9075,59.89,61.68,-807.835,40061.87,78.9125,481.15,136.59,152.24,57.47
2024/1/19 17:00,95.6425,87.49,54.05,-1600.0,83759.7225,65.335,528.14,144.605,215.6,61.21
2024/1/19 18:00,103.71,88.24,78.45,-1675.09,40048.05,114.45,453.49,132.305,169.08,60.42
2024/1/19 19:00,41.62,58.2,84.21,-325.0,66211.2825,78.6525,481.15,136.9375,145.71,57.45
2024/1/19 20:00,83.8575,66.075,65.65,-1494.1175,48671.2975,29.4975,468.77,62.75,152.2,53.23
2024/1/19 21:00,75.8125,90.295,42.76,-817.9375,16672.9025,3.5875,326.77,93.25,9.75,44.75
2024/1/19 22:00,16.6575,92.11,26.32,-527.9275,18099.4875,68.265,307.01,131.25,30.48,46.69
2024/1/19 23:00,74.1575,90.345,26.13,-389.2275,17890.1425,109.07,285.06,65.525,22.41,54.305
2024/1/20 0:00,-31.3925,121.05,14.71,-1115.6075,17291.68,56.4125,247.96,29.7525,97.13,55.84
2024/1/20 1:00,22.64,117.11,36.26,312.5,15746.4875,77.7525,225.5,30.7775,95.08,51.56
2024/1/20 2:00,123.7875,119.57,51.94,2075.0,16663.5175,109.1175,247.95,63.275,93.37,78.695
2024/1/20 3:00,45.3925,93.45,52.97,312.5,17388.8925,56.3975,220.51,95.0,94.4,50.335
2024/1/20 4:00,122.58,56.85,45.3,850.0,20085.8125,107.69,225.5,30.05,92.83,87.25
2024/1/20 5:00,27.4375,103.175,44.83,-1690.0925,18530.675,62.045,220.51,62.0,26.04,75.455
2024/1/20 6:00,119.065,60.335,41.28,511.875,16869.8075,-2.62,220.51,62.0025,10.84,90.79
2024/1/20 7:00,34.08,123.315,49.54,-325.0,17003.7725,120.3425,241.14,-1.925,0.0,83.52
2024/1/20 8:00,89.2075,149.37,34.97,1007.9925,64892.2575,113.6175,330.92,-0.9,103.74,108.71
2024/1/20 9:00,85.295,85.68,33.5,1161.7075,97481.96,103.86,294.12,63.8,110.33,113.54
2024/1/20 10:00,6.7975,98.735,19.81,-819.9925,38467.3775,97.8,265.31,-4.25,105.57,98.26
2024/1/20 11:00,116.2825,92.275,15.63,-1402.895,5573.2575,10.495,220.51,-5.0,102.78,94.9525
2024/1/20 12:00,74.5575,61.74,32.73,-1106.855,5285.5825,-3.7875,113.81,-5.0,117.71,90.92
2024/1/20 13:00,-33.7825,44.505,49.97,-1137.365,-1900.8175,56.7825,70.2,-5.0,0.0,81.1775
2024/1/20 14:00,45.0175,43.935,42.93,-929.0425,-3234.335,91.5225,73.52,-5.0,23.55,102.76
2024/1/20 15:00,-14.025,35.38,-5.27,789.2425,155.6375,-3.7575,98.92,30.275,38.22,81.4
2024/1/20 16:00,48.2525,30.21,18.9,1826.4675,23812.3075,115.6475,265.32,63.775,56.49,93.48
2024/1/20 17:00,68.68,94.525,15.85,1383.3775,7236.5,92.005,342.68,66.715,14.13,119.375
2024/1/20 18:00,59.6425,104.05,65.32,2007.9575,14961.7575,102.835,299.71,31.775,6.08,61.31
2024/1/20 19:00,25.34,88.465,81.52,3168.3475,16554.1825,94.3875,288.58,-4.25,31.63,55.75
2024/1/20 20:00,120.145,125.85,71.71,655.565,13632.4325,38.2025,265.29,63.5,34.55,52.63
2024/1/20 21:00,69.61,62.44,62.04,1298.225,14922.3775,80.6175,241.14,95.5,11.27,76.3
2024/1/20 22:00,57.57,62.49,56.66,-440.7475,14845.71,43.72,288.58,97.275,35.8,60.465
2024/1/20 23:00,119.16,98.245,60.48,-804.97,16115.42,101.8725,395.05,130.5,43.0,55.305
2024/1/21 0:00,102.1275,120.15,61.12,-1600.0,5108.1725,91.4725,332.24,30.5,104.15,69.18
2024/1/21 1:00,90.4875,125.39,65.0,-1600.0,2229.145,43.3225,297.73,95.0,116.61,57.91
2024/1/21 2:00,107.0625,113.935,66.15,-1600.0,3530.89,65.87,297.73,-2.5,105.23,44.12
2024/1/21 3:00,97.3675,99.305,57.38,850.0,2931.4525,88.0125,289.58,130.5,83.02,71.25
2024/1/21 4:00,73.3425,82.69,82.55,3300.0,3884.56,56.5825,297.73,129.75,91.99,73.77
2024/1/21 5:00,106.055,100.645,56.11,3300.0,4532.51,67.3875,297.73,31.25,77.81,81.8
2024/1/21 6:00,64.3375,76.535,51.87,2075.0,4659.4725,113.6575,333.33,31.25,62.11,81.44
2024/1/21 7:00,57.0175,75.01,61.97,3300.0,8692.345,71.3175,333.34,30.5,94.85,87.95
2024/1/21 8:00,63.92,63.32,57.03,2083.3525,528.5875,65.395,335.55,129.0,72.71,65.03
2024/1/21 9:00,118.965,30.835,41.58,990.5525,1020.165,69.2425,333.44,64.75,72.74,70.81
2024/1/21 10:00,119.6675,87.095,18.87,776.5,21078.6775,55.88,266.92,-2.0,63.12,76.87
2024/1/21 11:00,119.5275,159.54,12.92,956.3575,59888.2675,41.195,266.91,-3.0,55.03,31.75
2024/1/21 12:00,111.9525,84.4,5.99,-1616.95,788.7925,32.5575,241.43,-5.0,4.42,28.17
2024/1/21 13:00,83.9175,59.53,-1.37,-385.865,-58.6625,17.445,266.92,-5.0,18.33,28.825
2024/1/21 14:00,28.2425,71.765,-6.36,664.3125,-422.5475,39.12,266.95,-4.0,26.21,37.6925
2024/1/21 15:00,29.495,56.735,-14.37,1019.3675,-1371.0025,109.3475,332.24,-2.0,23.98,68.26
2024/1/21 16:00,55.79,40.45,-66.86,2076.2025,-829.745,35.05,332.23,29.7525,10.29,52.12
2024/1/21 17:00,62.15,35.145,2.55,1053.84,-984.285,58.3925,332.83,63.5,147.46,61.005
2024/1/21 18:00,97.7275,17.9,29.13,1252.785,30452.5275,80.275,288.93,65.2025,85.4,65.1525
2024/1/21 19:00,35.05,22.74,44.32,522.6975,49595.33,62.16,332.23,98.95,140.36,62.7475
2024/1/21 20:00,22.26,42.625,61.6,1254.7675,26598.8025,75.74,332.83,-3.0,122.16,57.8475
2024/1/21 21:00,55.115,35.375,29.23,3300.0,1399.7775,71.3875,288.93,29.25,96.87,79.86
2024/1/21 22:00,109.5175,3.435,1.19,3300.0,1880.18,81.8125,288.93,64.5,90.21,77.93
2024/1/21 23:00,95.33,29.455,6.42,3300.0,2633.75,65.43,266.96,96.5,73.53,83.99
2024/1/22 0:00,6.85,-9.285,40.89,3300.0,15409.17,68.3125,50.01,63.5,74.16,61.39
2024/1/22 1:00,-33.515,19.84,0.04,3300.0,34746.3875,83.2725,-14.04,-5.0,74.72,52.83
2024/1/22 2:00,69.76,-22.83,8.2,3300.0,58132.33,51.4325,4.5,-4.2475,70.87,60.06
2024/1/22 3:00,-27.5525,-21.57,0.0,3300.0,68662.2275,27.025,5.5,-3.495,71.26,60.17
2024/1/22 4:00,-19.7,-10.255,2.02,3300.0,40966.3975,74.075,50.0,-3.495,67.34,57.85
2024/1/22 5:00,43.83,32.775,1.68,1810.2975,43767.0075,128.94,111.47,64.2525,93.81,70.23
2024/1/22 6:00,8.82,63.31,6.25,2267.545,66647.0725,104.8225,261.87,74.63,130.12,132.3
2024/1/22 7:00,104.275,58.35,31.67,1561.775,85088.7075,26.7375,286.86,-0.25,150.96,157.93
2024/1/22 8:00,141.1425,60.12,46.41,1110.9375,101922.4425,82.1325,279.48,84.8025,141.37,159.1
2024/1/22 9:00,98.5775,21.485,27.48,1480.1675,161080.3425,36.5475,246.34,102.59,134.49,158.75
2024/1/22 10:00,41.62,52.81,5.43,1086.0675,107495.5175,58.26,242.26,33.0,121.12,112.7
2024/1/22 11:00,-12.675,41.625,15.38,2910.0275,127902.815,102.5575,286.85,132.0,118.06,92.915
2024/1/22 12:00,31.915,45.855,0.0,-847.8275,87764.885,47.3525,294.6,129.0,134.9,39.33
2024/1/22 13:00,47.5275,71.165,3.9,3300.0,90264.0475,60.3,347.28,132.0,64.57,49.27
2024/1/22 14:00,100.8975,68.715,0.0,2075.0,42412.2025,30.0325,289.6,130.5,78.46,118.02
2024/1/22 15:00,73.6775,64.95,-0.52,2874.83,82558.3375,106.585,286.85,132.0,163.89,108.41
2024/1/22 16:00,18.915,62.875,-12.86,1963.3975,44148.845,99.3075,347.48,127.07,146.15,126.215
2024/1/22 17:00,102.665,7.485,-2.59,1548.8925,183044.0175,53.005,347.48,66.785,231.45,143.74
2024/1/22 18:00,108.905,2.8,21.06,1579.1975,99754.7825,59.08,347.48,88.425,54.94,128.4975
2024/1/22 19:00,23.785,6.26,27.47,1776.505,77358.665,67.975,289.6,100.59,146.18,140.4
2024/1/22 20:00,45.605,15.815,39.06,2038.2375,106828.23,93.095,303.86,70.5825,159.09,91.9975
2024/1/22 21:00,26.005,-24.215,30.98,55.11,50499.37,63.2775,286.85,96.25,132.93,98.59
2024/1/22 22:00,21.635,37.825,9.16,1170.775,13637.1025,57.4675,239.68,63.5,86.61,65.73
2024/1/22 23:00,-12.08,-44.42,9.28,1222.495,16923.74,70.17,239.68,63.5,8.28,72.05
2024/1/23 0:00,17.01,-7.66,42.22,1296.08,24828.9775,573.995,150.39,-5.0,88.74,54.06
2024/1/23 1:00,1.39,1.21,14.29,1355.2,37391.8175,78.01,142.89,-3.0,78.11,64.49
2024/1/23 2:00,-8.56,-7.81,43.82,1228.06,53148.74,65.5725,248.26,-3.0,77.34,76.41
2024/1/23 3:00,-13.335,-18.725,35.41,1528.91,32156.6425,38.415,248.26,-4.0,32.45,61.08
2024/1/23 4:00,69.2425,-7.04,64.59,341.39,45275.37,106.3575,248.26,-3.0,0.0,65.99
2024/1/23 5:00,112.39,51.91,54.6,-1600.0,54079.8475,65.3875,265.02,63.5,73.41,88.525
2024/1/23 6:00,124.6625,4.22,42.26,-827.765,41776.57,100.905,347.55,103.375,110.57,97.5
2024/1/23 7:00,81.2775,0.555,48.3,720.475,40077.9425,120.9275,284.07,133.8775,23.89,104.45
2024/1/23 8:00,117.3875,-4.405,59.86,2419.5075,9820.66,724.4475,328.23,146.73,27.68,148.19
2024/1/23 9:00,104.9,32.11,47.33,1147.655,48185.205,-2053.5725,276.15,129.5,133.43,127.47
2024/1/23 10:00,-10.54,47.415,10.87,1101.92,97457.795,-20.9875,265.51,64.5,125.16,111.3
2024/1/23 11:00,-9.9175,127.05,20.79,1553.9775,50733.375,36.1,265.57,31.25,112.54,80.485
2024/1/23 12:00,101.6275,24.01,6.85,1069.22,7250.7075,49.47,279.55,130.75,106.87,85.95
2024/1/23 13:00,115.6325,28.01,12.95,1053.3175,4648.705,89.0475,347.55,128.25,116.31,88.79
2024/1/23 14:00,-54.08,27.755,-2.89,1450.5425,25834.65,116.4725,279.55,132.0,125.46,104.7175
2024/1/23 15:00,40.665,104.14,-25.24,1792.9875,23332.7925,-1.6025,279.55,132.0,194.01,113.015
2024/1/23 16:00,19.685,50.78,-10.52,-440.8525,3815.4625,78.645,279.55,98.6975,43.72,134.1425
2024/1/23 17:00,73.3475,13.36,-19.12,1552.475,5933.87,93.855,279.55,141.64,196.01,156.5975
2024/1/23 18:00,24.4175,18.03,45.58,1360.235,55656.83,73.21,279.55,97.5,241.49,149.045
2024/1/23 19:00,71.1525,28.895,66.56,1436.4025,64143.535,963.135,282.96,137.19,201.21,60.16
2024/1/23 20:00,103.895,18.51,68.39,1740.6375,21319.44,85.31,334.3,65.175,195.52,74.345
2024/1/23 21:00,17.8025,-14.25,65.28,518.2175,5857.54,17.58,347.55,92.975,34.22,96.9
2024/1/23 22:00,95.635,25.325,30.78,1418.365,8669.59,38.3975,273.52,97.75,95.97,74.32
2024/1/23 23:00,-28.115,-52.625,16.66,1231.51,8899.1275,83.1675,228.42,97.75,106.19,57.87
2024/1/24 0:00,-27.29,-35.575,51.36,1597.6475,8988.1575,-31.18,246.59,97.75,106.56,83.8125
2024/1/24 1:00,48.4975,-6.785,52.45,934.4,9614.29,-46.2825,242.67,-5.0,108.33,81.48
2024/1/24 2:00,-42.08,-17.84,51.71,819.7825,9795.535,34.4275,242.67,-5.0,97.86,75.91
2024/1/24 3:00,-36.0475,-19.97,52.83,961.6625,8304.1425,-19.845,242.67,-5.0,89.4,62.41
2024/1/24 4:00,21.13,-22.84,56.39,1552.58,10124.535,51.8625,242.67,-3.0,79.85,64.01
2024/1/24 5:00,52.9575,-13.875,25.37,1250.575,9270.975,95.33,255.9,64.475,104.72,76.54
2024/1/24 6:00,105.1975,8.65,32.87,2019.6225,9504.0575,65.72,338.98,97.75,154.57,98.1575
2024/1/24 7:00,94.4875,25.415,53.35,1133.37,8461.8625,32.4725,366.63,126.99,159.4,147.31
2024/1/24 8:00,96.7975,31.675,65.17,1081.4975,9013.8325,73.72,370.08,128.2425,160.45,127.645
2024/1/24 9:00,96.5525,29.65,-9.76,1962.5825,11352.4975,92.64,370.1,97.75,62.89,77.825
2024/1/24 10:00,-1.64,15.13,-8.16,2222.7025,11290.225,25.68,368.86,31.25,24.0,53.99
2024/1/24 11:00,20.1275,-104.595,5.21,3300.0,10694.715,15.4975,368.9,105.3,115.16,107.125
2024/1/24 12:00,106.7275,1.125,2.39,3300.0,48762.2,93.4175,339.0,103.125,109.74,85.87
2024/1/24 13:00,92.695,19.65,1.08,2241.525,86481.8525,63.455,368.29,35.1125,132.93,122.93
2024/1/24 14:00,63.4225,28.77,3.1,1013.0475,11611.845,-2.57,279.75,154.015,38.78,130.51
2024/1/24 15:00,94.625,17.415,1.73,1117.87,10279.08,42.8225,368.86,96.7925,39.88,129.28
2024/1/24 16:00,62.36,33.26,-10.04,1698.36,10988.8425,62.8275,370.11,128.7475,15.88,116.375
2024/1/24 17:00,92.535,2.01,-208.78,-650.86,12931.5275,89.845,370.15,129.495,24.08,124.465
2024/1/24 18:00,95.195,3.25,20.56,-282.4925,30850.6875,48.1475,371.86,130.7475,41.87,144.58
2024/1/24 19:00,44.925,14.38,22.9,-771.9175,27540.605,85.3325,289.27,125.97,35.87,139.43
2024/1/24 20:00,97.335,42.875,23.85,-521.2425,6039.4425,65.97,338.99,97.75,114.1,114.97
2024/1/24 21:00,17.4,26.455,16.43,-338.2225,5069.28,47.7375,338.98,64.5,175.3,78.395
2024/1/24 22:00,38.8975,14.365,8.13,3300.0,5979.245,8.55,323.48,62.2475,33.18,54.37
2024/1/24 23:00,29.19,10.635,4.79,3300.0,4882.265,-14.155,246.59,97.75,32.69,49.72
2024/1/25 0:00,0.705,19.78,8.31,1666.6525,7434.525,-17.8525,240.88,29.25,29.02,39.79
2024/1/25 1:00,17.71,43.225,17.59,174.195,10563.5925,13.34,257.64,63.5,7.29,29.59
2024/1/25 2:00,66.58,56.085,35.54,-1834.0225,9287.595,0.295,257.58,30.6525,23.89,28.9
2024/1/25 3:00,-6.8075,66.465,53.12,-2536.2225,8019.17,-6.9975,257.62,97.75,0.67,47.81
2024/1/25 4:00,-10.18,46.335,9.37,-1194.4825,8759.86,66.59,257.61,130.9975,21.08,31.95
2024/1/25 5:00,63.745,41.795,9.66,-46.8825,5457.325,38.905,282.35,64.275,35.48,61.155
2024/1/25 6:00,67.0775,22.595,16.58,1691.3,26611.14,61.6175,344.86,64.1275,103.08,65.705
2024/1/25 7:00,69.295,16.41,17.87,1843.165,8678.9475,84.2275,344.87,60.75,73.58,65.14
2024/1/25 8:00,11.865,79.665,58.12,1270.6325,11192.695,50.785,388.93,62.475,47.86,62.4575
2024/1/25 9:00,10.955,33.175,15.48,463.77,7189.035,81.42,385.61,128.4975,44.28,-61.66
2024/1/25 10:00,6.77,-22.015,5.54,1579.865,3712.86,59.4775,283.15,94.225,26.13,-135.4475
2024/1/25 11:00,140.54,29.965,11.91,-2119.2575,17322.93,50.08,286.96,61.525,36.78,52.625
2024/1/25 12:00,-57.8275,90.725,9.07,-1814.9425,66269.7425,-424.94,296.95,128.475,57.96,51.4
2024/1/25 13:00,22.5475,88.88,-1.46,-1282.0275,91.5325,38.0375,344.87,58.725,54.27,108.49
2024/1/25 14:00,80.4525,-5.995,5.35,-450.295,3140.02,83.7125,321.03,24.775,66.23,118.96
2024/1/25 15:00,11.37,44.17,7.27,2883.65,2924.125,71.7725,385.61,86.45,57.19,108.6
2024/1/25 16:00,84.6675,-6.215,1.15,-2218.2675,3910.5825,67.2125,318.08,68.085,42.15,79.105
2024/1/25 17:00,81.9725,55.625,12.33,-1225.68,25212.67,63.905,441.65,-1.5,48.03,120.09
2024/1/25 18:00,74.38,92.225,44.84,-1029.6225,26983.5925,96.91,445.93,-5.0,34.2,68.38
2024/1/25 19:00,54.5425,88.22,50.24,-1254.3875,40791.765,63.8,441.65,31.93,35.45,153.75
2024/1/25 20:00,77.38,-0.34,59.82,-1122.0875,30205.2375,32.115,441.65,65.5,41.17,129.6
2024/1/25 21:00,96.9475,42.195,34.92,-685.8025,9106.0575,65.995,438.8,63.75,48.57,118.99
2024/1/25 22:00,115.88,117.07,15.03,477.33,9767.4,52.84,344.88,131.25,0.0,110.61
2024/1/25 23:00,16.4625,87.58,11.57,3300.0,9548.745,3.9625,344.86,97.75,81.49,88.91
2024/1/26 0:00,38.555,55.12,18.91,2175.0,9203.0025,59.305,342.05,-1.0,39.61,50.24
2024/1/26 1:00,104.195,17.365,30.15,882.515,8265.8175,26.13,342.06,132.0,32.32,37.2
2024/1/26 2:00,98.605,33.36,10.48,1325.445,7362.2925,70.505,342.06,30.25,28.55,46.79
2024/1/26 3:00,91.1725,58.695,40.11,-1643.8975,8987.625,71.66,358.72,31.25,24.93,57.92
2024/1/26 4:00,89.6325,37.35,57.87,-1505.2,4379.7025,66.2775,385.1,30.25,19.14,78.325
2024/1/26 5:00,-52.46,26.555,19.3,-1191.5525,5713.0475,-39.5325,448.69,30.25,0.0,45.56
2024/1/26 6:00,57.14,-7.86,16.73,-713.0525,38882.365,-39.6275,585.98,68.595,0.0,89.66
2024/1/26 7:00,-25.71,15.655,20.17,-652.7575,10355.3975,85.9,594.85,73.0525,34.35,159.98
2024/1/26 8:00,91.28,88.69,56.77,-1619.93,6114.875,61.065,594.78,-3.75,0.0,159.42
2024/1/26 9:00,95.2575,69.76,22.94,-1483.7575,1354.62,88.815,596.03,-5.0,26.08,57.14
2024/1/26 10:00,113.875,41.71,14.07,-1937.9725,3546.155,58.9725,594.25,-5.0,36.94,52.13
2024/1/26 11:00,46.785,17.445,14.72,-1137.99,2078.055,38.15,585.98,-5.0,45.34,51.08
2024/1/26 12:00,88.71,10.835,9.15,-1067.395,1734.0125,80.9675,591.82,-4.0,115.87,113.09
2024/1/26 13:00,-6.5575,23.705,16.2,-274.22,1348.38,65.2175,594.78,-5.0,144.28,80.0
2024/1/26 14:00,38.805,-16.49,18.65,-821.9925,2190.4025,85.12,594.85,-2.0,172.35,52.39
2024/1/26 15:00,-42.6025,32.03,13.65,1208.2825,59956.9625,68.0575,595.38,36.5775,188.92,74.64
2024/1/26 16:00,11.8775,45.34,10.55,3131.4125,33659.2875,40.74,585.57,103.465,47.5,103.89
2024/1/26 17:00,42.595,95.81,15.69,-744.1825,24808.5,86.61,584.98,-2.0,0.0,128.41
2024/1/26 18:00,96.5625,66.935,26.96,-1551.5575,9149.9575,304.8075,543.8,96.75,164.62,145.46
2024/1/26 19:00,58.5125,69.535,49.63,421.87,10533.805,335.81,543.79,-4.0,152.85,129.78
2024/1/26 20:00,37.695,91.81,33.5,2175.0,28195.1325,49.295,560.37,-5.0,152.83,68.01
2024/1/26 21:00,79.0875,78.24,31.78,3300.0,58371.385,88.92,358.74,96.75,40.47,46.01
2024/1/26 22:00,81.5325,87.34,17.8,2175.0,14329.7125,44.9775,358.72,132.0,18.07,38.28
2024/1/26 23:00,93.8875,16.885,19.35,3300.0,10200.43,46.235,358.72,62.0,31.18,62.74
2024/1/27 0:00,0.975,18.63,42.23,3500.0,12068.3975,0.7925,259.99,29.25,42.34,73.14
2024/1/27 1:00,47.48,64.495,31.08,3300.0,8975.6275,19.3725,260.03,64.275,25.53,79.97
2024/1/27 2:00,25.1925,69.485,35.74,3752.2775,1732.4,30.685,260.0,-5.0,136.2,81.87
2024/1/27 3:00,89.94,61.055,27.9,3266.6925,4656.625,56.25,290.85,-4.225,30.79,78.32
2024/1/27 4:00,69.4675,28.525,45.5,3500.0,3483.5675,42.2025,259.98,29.25,30.73,67.105
2024/1/27 5:00,84.74,70.91,44.17,3300.0,2038.7675,69.6325,243.06,-4.225,28.14,69.0
2024/1/27 6:00,28.555,19.325,48.15,3500.0,-176.1125,15.485,259.08,28.2475,33.84,84.01
2024/1/27 7:00,95.5575,24.095,31.04,3300.0,1380.085,69.7675,278.15,29.0225,14.54,94.46
2024/1/27 8:00,-13.5875,10.05,38.17,3500.0,1224.62,56.4425,278.16,30.5725,8.21,49.66
2024/1/27 9:00,23.605,32.45,12.65,2814.805,466.9475,-13.1225,259.12,63.525,12.36,47.33
2024/1/27 10:00,10.445,29.625,6.45,1286.585,315.2325,57.63,327.89,127.4725,25.96,80.64
2024/1/27 11:00,8.5075,22.0,11.27,-2864.1725,-838.0675,75.5925,327.89,63.2725,28.54,80.44
2024/1/27 12:00,-131.0675,19.29,16.18,-1306.815,-2345.555,-21.7275,327.89,129.72,65.37,78.18
2024/1/27 13:00,-103.875,47.795,37.55,528.545,-3920.975,11.995,327.89,129.995,120.76,75.43
2024/1/27 14:00,-124.9525,51.28,40.48,2734.5125,79802.875,87.92,260.06,129.995,114.55,84.36
2024/1/27 15:00,83.265,50.7,18.64,-501.055,23168.615,63.255,303.17,64.7775,25.29,88.405
2024/1/27 16:00,69.6625,23.625,7.3,-856.8,-2258.7575,32.84,331.07,30.5725,17.71,108.71
2024/1/27 17:00,-63.1575,55.87,14.51,-293.56,49954.7575,3.2525,391.5,-3.995,12.1,96.88
2024/1/27 18:00,-64.835,12.82,45.01,-624.805,19018.2075,102.9075,299.05,29.0025,21.74,138.95
2024/1/27 19:00,-54.89,-8.27,46.85,850.0,-1058.625,-1.3825,291.64,-4.4975,20.97,96.47
2024/1/27 20:00,60.2375,26.42,43.38,2011.015,-993.0825,-3.305,278.15,29.25,37.01,50.93
2024/1/27 21:00,0.6725,27.48,29.76,-1000.5925,-956.465,-9.205,260.06,-4.4975,25.98,40.1775
2024/1/27 22:00,47.44,39.53,22.19,3027.0575,-883.2825,48.3025,303.17,30.8,101.18,-180.8075
2024/1/27 23:00,28.2425,32.205,15.4,1057.9575,-1059.56,65.7825,297.51,-4.4975,101.19,-151.39
2024/1/28 0:00,105.8625,34.975,0.68,1025.0225,-676.3475,18.265,288.82,30.025,106.43,66.77
2024/1/28 1:00,54.7225,122.205,2.08,1167.405,-1231.0875,60.4325,287.72,30.8,33.36,36.31
2024/1/28 2:00,10.885,101.22,2.84,829.3325,-524.06,68.2825,257.25,-3.45,10.16,35.17
2024/1/28 3:00,33.9525,38.7,3.99,794.0675,-364.365,44.5725,269.12,-3.45,0.0,69.6
2024/1/28 4:00,56.5775,23.705,10.73,1383.4325,-297.995,45.98,296.45,-4.225,112.04,70.51
2024/1/28 5:00,37.0975,41.32,11.83,-2257.6425,-520.11,38.3375,302.56,-1.9,109.98,85.32
2024/1/28 6:00,79.14,36.99,12.53,-2183.475,-1302.2725,18.68,294.32,-4.225,123.8,58.39
2024/1/28 7:00,79.8925,-1.21,7.13,850.0,-1129.32,91.63,288.16,64.275,16.81,78.505
2024/1/28 8:00,105.185,5.99,33.7,1247.4725,-1110.945,50.3525,288.16,31.575,15.54,66.39
2024/1/28 9:00,-100.855,5.155,28.91,1089.235,37.815,44.8075,291.98,-1.9,0.0,38.51
2024/1/28 10:00,110.0,12.905,1.29,928.4825,-1924.24,-41.305,288.16,-3.45,86.58,36.99
2024/1/28 11:00,45.645,6.64,0.0,1132.4875,-14157.0475,7.255,278.48,-4.225,100.33,35.4925
2024/1/28 12:00,-68.7325,53.245,0.0,1025.01,-13339.9525,-87.1575,274.19,30.8,83.92,37.91
2024/1/28 13:00,-126.5575,46.18,1.07,-1806.565,-6887.755,57.06,302.56,-5.0,75.07,33.98
2024/1/28 14:00,109.6625,36.25,22.97,-608.9725,-16144.4975,9.1225,347.64,63.5,72.93,40.6525
2024/1/28 15:00,-148.0625,72.445,26.33,328.3875,42354.14,328.015,399.55,64.275,92.24,42.82
2024/1/28 16:00,-7.555,71.735,22.44,2402.8375,-8970.19,44.5675,497.49,31.65,173.7,98.76
2024/1/28 17:00,-134.515,90.685,14.7,-2328.2575,-863.6575,-12.7825,466.86,28.675,36.49,91.75
2024/1/28 18:00,-10.275,89.05,23.39,-1088.94,-1325.72,-9.9175,447.51,99.055,20.38,52.64
2024/1/28 19:00,52.18,86.045,42.07,-346.515,-1274.815,54.1025,440.71,-1.4,0.0,119.15
2024/1/28 20:00,-40.505,84.91,32.22,-454.2175,-1496.0825,477.4275,399.55,97.75,148.85,115.64
2024/1/28 21:00,41.8275,59.24,3.57,-428.6275,22320.885,55.575,257.0,93.975,2.78,101.18
2024/1/28 22:00,-73.2925,59.795,6.37,-453.815,-1316.745,-5.5775,278.48,-5.0,97.81,40.54
2024/1/28 23:00,91.6225,70.14,4.06,-1681.205,-902.69,-3.1525,278.48,-5.0,107.35,34.535
2024/1/29 0:00,92.26,84.58,13.2,-576.5375,-201.9325,77.8825,335.87,-5.0,31.75,49.97
2024/1/29 1:00,-22.6675,43.64,28.72,-1403.8875,30510.1925,59.065,335.87,-5.0,30.33,37.81
2024/1/29 2:00,-5.0325,90.84,40.5,-405.84,10962.535,62.81,335.87,-5.0,50.65,67.37
2024/1/29 3:00,94.635,49.69,38.79,-790.1575,3884.5,76.3175,335.87,-2.675,31.73,67.16
2024/1/29 4:00,91.61,64.045,31.84,-403.6875,3996.955,55.5425,334.67,-5.0,18.03,72.21
2024/1/29 5:00,91.7425,33.355,13.24,341.1275,5873.8975,-9.49,293.08,63.5,0.0,84.08
2024/1/29 6:00,100.225,109.285,7.91,489.58,40590.725,96.4425,334.68,63.5,7.37,120.48
2024/1/29 7:00,114.025,113.59,18.29,-1800.0,8263.21,106.59,402.34,97.735,22.2,135.8
2024/1/29 8:00,53.9575,86.555,46.07,-2059.13,5214.7325,21.7925,378.2,-2.5725,0.0,141.48
2024/1/29 9:00,100.9925,48.365,44.74,-2346.0175,3838.6525,-372.605,282.69,29.25,30.63,106.07
2024/1/29 10:00,100.2525,-9.525,30.48,-2657.03,6475.79,29.5725,231.73,29.305,0.0,94.68
2024/1/29 11:00,17.94,39.205,63.5,-1799.545,8285.645,59.9125,231.73,29.3325,28.98,42.76
2024/1/29 12:00,-15.0175,41.09,79.0,-1168.17,8437.5525,-440.2325,199.85,-4.9725,26.59,84.29
2024/1/29 13:00,-13.395,41.445,16.19,-1170.0025,7561.125,55.5275,231.73,-5.0,30.26,61.79
2024/1/29 14:00,27.0175,41.455,84.25,1682.1875,9189.5,79.755,277.44,-3.4225,31.43,118.79
2024/1/29 15:00,115.4875,80.475,91.9,3500.0,44169.105,78.88,402.32,-1.225,10.23,137.4
2024/1/29 16:00,32.8225,82.255,43.72,3500.0,6485.9975,75.7525,445.35,32.25,167.38,130.01
2024/1/29 17:00,43.1375,78.345,45.34,850.0,7001.145,76.3275,378.19,-1.25,55.57,75.2
2024/1/29 18:00,48.985,38.05,39.72,-1800.0,9132.61,105.21,402.78,72.5275,22.85,70.4
2024/1/29 19:00,70.905,46.885,57.01,-1968.9575,9551.6025,52.46,369.69,144.8775,20.97,64.51
2024/1/29 20:00,51.63,29.235,54.95,-2036.6825,28476.7725,70.32,277.44,96.75,30.65,54.8
2024/1/29 21:00,62.1,23.84,43.13,-501.3325,72573.925,56.86,259.4,96.7475,37.98,51.52
2024/1/29 22:00,54.845,29.795,36.55,850.0,47803.6175,69.16,249.31,96.75,108.65,52.2575
2024/1/29 23:00,42.6,32.155,34.51,3500.0,27004.1825,38.7775,259.4,128.9925,117.9,54.445
2024/1/30 0:00,112.9425,45.475,35.09,3500.0,8615.44,54.88,264.4,128.0,58.23,43.16
2024/1/30 1:00,102.92,21.8,33.08,3500.0,6897.18,25.3575,264.42,128.0,100.51,42.4375
2024/1/30 2:00,45.37,33.31,30.2,3500.0,23975.215,67.5625,281.27,130.0,85.41,48.335
2024/1/30 3:00,63.825,78.63,15.4,3500.0,56976.0375,48.3225,281.27,132.0,194.58,46.8025
2024/1/30 4:00,79.92,66.785,21.81,2717.515,9800.74,59.08,281.27,130.0,84.22,46.1525
2024/1/30 5:00,104.115,50.095,11.93,642.2775,9170.585,66.385,289.33,97.75,4.8,58.93
2024/1/30 6:00,115.0575,48.75,33.65,685.2025,47819.0125,94.2575,447.6,97.75,137.34,74.8175
2024/1/30 7:00,128.4575,49.895,26.66,-2083.1075,60943.255,73.78,472.35,134.84,133.51,101.8225
2024/1/30 8:00,55.705,55.785,60.94,-1405.4525,6607.6775,86.16,280.23,67.35,180.41,100.89
2024/1/30 9:00,108.405,31.28,30.89,-840.5225,7926.88,66.8225,280.23,65.5,0.0,101.915
2024/1/30 10:00,139.3825,30.85,41.8,-481.975,9975.01,95.5775,284.34,30.25,55.54,61.72
2024/1/30 11:00,122.025,45.235,36.91,-870.115,15407.8075,59.3175,279.35,31.75,0.0,42.06
2024/1/30 12:00,68.715,44.5,33.86,-802.33,12830.305,34.97,264.48,-1.75,30.25,68.1
2024/1/30 13:00,67.12,44.87,53.64,-923.4475,11077.245,73.63,280.23,-1.5,23.93,54.585
2024/1/30 14:00,15.81,67.335,58.67,-972.91,7927.665,40.9125,286.26,64.5,115.29,71.93
2024/1/30 15:00,61.285,86.15,5.08,442.055,42731.19,100.4325,403.17,131.0,142.68,105.815
2024/1/30 16:00,102.275,87.04,0.99,886.8475,29489.0075,98.645,510.35,134.48,156.64,98.27
2024/1/30 17:00,84.1925,27.62,14.72,3500.0,29781.685,68.665,436.83,68.5125,176.32,125.605
2024/1/30 18:00,102.8175,69.765,52.53,3500.0,29315.5,62.9975,403.17,73.59,30.98,154.36
2024/1/30 19:00,90.42,69.55,64.66,2608.8525,76864.875,131.22,403.17,-0.5,144.45,137.005
2024/1/30 20:00,59.22,74.095,56.44,726.2775,85237.5375,70.4725,281.06,31.75,165.01,127.835
2024/1/30 21:00,99.68,79.59,48.18,-225.245,25707.4275,39.6475,290.34,30.25,45.51,49.96
2024/1/30 22:00,19.6675,88.44,36.76,2175.0,23472.145,65.3725,348.27,63.5,12.71,79.99
2024/1/30 23:00,37.575,81.16,42.71,3500.0,40802.14,85.9725,311.98,31.025,39.74,72.5
2024/1/31 0:00,13.95,50.825,28.26,-1242.44,9130.905,42.2825,323.46,129.0,0.0,104.9
2024/1/31 1:00,0.24,53.185,21.15,-2022.165,31404.325,23.115,302.14,128.0,42.84,103.68
2024/1/31 2:00,80.03,44.635,35.27,-1800.0,13331.5,31.7225,294.85,130.0,115.32,99.25
2024/1/31 3:00,113.0575,42.475,46.13,-1800.0,13635.375,104.155,294.85,132.0,26.09,97.75
2024/1/31 4:00,8.99,31.625,42.75,-1800.0,41036.2025,10.5575,318.61,94.75,0.0,99.86
2024/1/31 5:00,109.7075,52.815,23.25,850.0,56065.505,22.2025,318.61,28.25,109.45,93.19
2024/1/31 6:00,113.2525,99.01,28.22,1052.3425,91745.4975,73.7625,290.96,63.5,203.55,123.2225
2024/1/31 7:00,278.3575,136.53,48.15,784.2025,46268.085,138.0975,443.99,111.4025,214.8,89.41
2024/1/31 8:00,430.33,197.315,56.72,-1800.0,29407.91,151.5275,463.25,127.785,157.21,124.03
2024/1/31 9:00,88.5875,132.67,49.68,-1040.83,9484.725,65.74,443.99,131.0,136.14,74.83
2024/1/31 10:00,100.9175,61.885,21.22,-924.4625,13373.65,-20.3475,443.99,96.75,127.24,66.385
2024/1/31 11:00,53.18,39.975,31.71,-464.49,82150.1575,40.6275,457.16,129.0,252.28,77.09
2024/1/31 12:00,159.2,56.125,46.49,-912.4075,30696.6425,65.3725,427.79,64.625,121.54,44.95
2024/1/31 13:00,91.985,-55.815,59.94,-1014.185,31439.355,90.9175,443.99,95.75,31.96,85.56
2024/1/31 14:00,58.4325,-39.51,39.25,-697.8825,78956.7175,94.1275,470.0,130.0,32.17,112.56
2024/1/31 15:00,50.4275,32.855,14.13,26.685,77373.8125,98.2025,470.0,132.0,29.74,122.33
2024/1/31 16:00,51.105,102.96,11.18,1178.2925,60107.9725,98.7625,470.6,155.46,30.31,147.2
2024/1/31 17:00,61.695,107.25,24.1,2533.1675,72288.145,104.8125,471.25,134.625,1.21,131.835
2024/1/31 18:00,63.8075,104.06,27.39,2748.6575,73522.0075,109.475,471.8,131.625,61.28,150.3725
2024/1/31 19:00,110.635,61.395,72.25,983.6975,74178.425,45.5625,471.8,154.14,168.97,150.9375
2024/1/31 20:00,126.835,58.01,67.95,1760.97,13400.8975,80.785,457.16,67.255,154.29,103.0
2024/1/31 21:00,14.1075,66.385,29.13,3408.495,31629.31,83.935,338.09,157.555,144.99,93.59
2024/1/31 22:00,70.1,48.08,18.54,3368.995,51892.465,61.8175,338.08,83.205,140.64,55.15
2024/1/31 23:00,-23.1975,59.76,15.69,3500.0,63820.38,-37.1725,318.61,104.1125,132.49,63.56
2024/2/1 0:00,95.73,33.835,10.26,3500.0,51024.6975,66.2,284.19,-3.125,111.07,49.52
2024/2/1 1:00,94.835,-48.285,27.65,3500.0,14405.8025,60.4425,250.03,-2.5,129.28,48.09
2024/2/1 2:00,-65.97,10.89,60.67,3500.0,12554.455,-35.4775,246.13,97.6875,157.43,44.56
2024/2/1 3:00,-77.1,51.67,57.57,3500.0,14409.0025,13.65,246.13,129.5,42.8,41.61
2024/2/1 4:00,37.06,10.435,53.56,3500.0,13845.3125,-8.82,246.13,65.6475,99.54,46.69
2024/2/1 5:00,44.2725,42.36,19.65,2175.0,28186.335,-26.2475,250.03,-3.875,100.4,54.83
2024/2/1 6:00,47.13,37.655,18.92,1991.1525,43596.9025,55.6175,347.11,35.4775,135.37,97.82
2024/2/1 7:00,102.5475,12.87,21.09,90.1675,43284.3725,85.9075,347.11,44.255,187.22,111.02
2024/2/1 8:00,103.0125,11.55,59.54,-1670.6375,28810.1575,49.8825,347.11,110.48,173.55,60.5
2024/2/1 9:00,71.27,101.235,13.7,-1177.855,59259.5775,87.5925,347.11,32.05,141.24,88.81
2024/2/1 10:00,25.975,140.535,10.4,-1463.4775,26930.2625,78.13,347.11,-4.225,31.88,68.905
2024/2/1 11:00,46.8425,200.09,6.47,-897.3,10832.405,79.64,347.11,132.0,56.91,113.75
2024/2/1 12:00,48.34,97.66,14.44,-2840.285,44367.07,30.3025,347.11,130.625,25.42,108.98
2024/2/1 13:00,38.195,96.6,34.14,1689.95,78485.3375,72.92,347.11,130.625,38.59,110.95
2024/2/1 14:00,30.61,38.005,46.13,1716.1675,77230.38,91.6625,347.11,129.25,57.34,115.86
2024/2/1 15:00,82.0125,89.205,31.93,2175.0,11205.3525,95.8775,347.11,32.2725,148.17,129.42
2024/2/1 16:00,38.345,84.955,10.18,850.0,27443.8425,95.3625,347.12,128.725,158.34,128.45
2024/2/1 17:00,115.7925,72.79,-1.53,850.0,74519.5375,130.8225,347.13,73.64,0.0,124.73
2024/2/1 18:00,54.505,104.225,48.23,-1402.2275,68735.54,89.5825,347.13,130.625,44.47,72.24
2024/2/1 19:00,114.59,39.7,66.78,-847.085,43625.86,114.7575,367.92,79.25,241.35,66.57
2024/2/1 20:00,71.085,7.155,93.78,-1906.825,14229.265,96.205,347.12,66.755,222.9,58.93
2024/2/1 21:00,67.8725,52.85,35.43,669.05,13955.0375,78.2375,347.11,127.35,139.12,53.83
2024/2/1 22:00,61.125,-3.545,36.86,2301.4125,29620.845,28.2325,331.14,132.0,151.51,54.505
2024/2/1 23:00,42.5175,-2.16,48.3,304.22,26512.615,102.6175,322.89,129.25,16.94,94.79
