Date	EUR	RON	PLN
2021/1/4	360.9	74.13	79.33
2021/1/5	361.29	74.16	79.5
2021/1/6	357.27	73.37	79.2
2021/1/7	356.78	73.26	79.32
2021/1/8	359.7	73.86	79.62
2021/1/11	360.6	74	79.53
2021/1/12	360.6	74.03	79.73
2021/1/13	359.37	73.74	79.38
2021/1/14	359.62	73.79	79.23
2021/1/15	359.3	73.73	79.02
2021/1/18	360.63	73.99	79.3
2021/1/19	359.27	73.71	79.24
2021/1/20	357.23	73.3	78.96
2021/1/21	357.25	73.28	78.85
2021/1/22	356.81	73.18	78.63
2021/1/25	357.32	73.3	78.65
2021/1/26	358.3	73.5	78.75
2021/1/27	359.78	73.81	79.13
2021/1/28	360.38	73.91	79.21
2021/1/29	358.51	73.49	79.01
2021/2/1	356.6	73.14	79
2021/2/2	355.2	72.86	78.87
2021/2/3	355.94	73.06	79.26
2021/2/4	355.81	72.98	79.11
2021/2/5	356.44	73.1	79.24
2021/2/8	358.19	73.48	79.82
2021/2/9	358.78	73.58	80.14
2021/2/10	358.09	73.44	79.91
2021/2/11	356.76	73.2	79.23
2021/2/12	359.3	73.68	79.8
2021/2/15	359.12	73.66	80.08
2021/2/16	357.65	73.34	79.66
2021/2/17	359.05	73.61	79.75
2021/2/18	358.8	73.59	79.99
2021/2/19	358.65	73.55	79.88
2021/2/22	359.24	73.67	79.9
2021/2/23	359.61	73.72	79.74
2021/2/24	359.23	73.67	79.53
2021/2/25	360.17	73.92	79.8
2021/2/26	361.01	74.06	79.88
2021/3/1	362.82	74.4	80.21
2021/3/2	363.85	74.63	80.19
2021/3/3	363.55	74.55	80.1
2021/3/4	364.56	74.75	80.05
2021/3/5	366.42	75.03	80.04
2021/3/8	367.75	75.28	80.08
2021/3/9	366.4	74.99	79.93
2021/3/10	366.83	75.06	80.24
2021/3/11	366.12	74.91	79.94
2021/3/12	366.38	75	79.82
2021/3/16	367.34	75.19	79.95
2021/3/17	367.46	75.19	79.77
2021/3/18	367.71	75.24	79.54
2021/3/19	368.25	75.37	79.66
2021/3/22	367.33	75.19	79.64
2021/3/23	366.9	75.05	79.62
2021/3/24	365.62	74.78	79
2021/3/25	364.71	74.63	78.66
2021/3/26	364.13	74.5	78.57
2021/3/29	362.72	74.15	77.9
2021/3/30	363.11	73.9	78.07
2021/3/31	363.73	73.84	78.01
2021/4/1	361.93	73.66	78.27
2021/4/6	361.4	73.5	78.47
2021/4/7	360.45	73.3	78.56
2021/4/8	358.7	72.89	78.69
2021/4/9	358.67	72.86	78.98
2021/4/12	357.09	72.55	78.77
2021/4/13	358.57	72.84	78.56
2021/4/14	358.94	72.88	78.78
2021/4/15	358.91	72.87	78.82
2021/4/16	360.84	73.23	79.39
2021/4/19	361.31	73.33	79.42
2021/4/20	360.97	73.22	79.23
2021/4/21	362.16	73.49	79.47
2021/4/22	363.21	73.73	79.71
2021/4/23	363.4	73.79	79.59
2021/4/26	363.85	73.9	79.85
2021/4/27	363.11	73.7	79.6
2021/4/28	362.01	73.46	78.99
2021/4/29	361.1	73.3	78.87
2021/4/30	359.59	72.98	78.76
2021/5/3	360.21	73.12	79.04
2021/5/4	360.45	73.17	79.14
2021/5/5	360.08	73.08	78.71
2021/5/6	358.72	72.81	78.29
2021/5/7	358.54	72.78	78.34
2021/5/10	358.2	72.71	78.48
2021/5/11	358.71	72.79	78.62
2021/5/12	357.81	72.62	78.75
2021/5/13	356.91	72.43	78.57
2021/5/14	356.16	72.31	78.58
2021/5/17	352.47	71.55	77.81
2021/5/18	350.99	71.25	77.54
2021/5/19	351.47	71.33	77.6
2021/5/20	349.76	70.99	77.41
2021/5/21	349.51	70.94	77.75
2021/5/25	348.42	70.74	77.76
2021/5/26	350.32	71.12	77.98
2021/5/27	349.16	70.99	77.61
2021/5/28	348	70.75	77.61
2021/5/31	348.24	70.76	77.7
2021/6/1	347.32	70.6	77.61
2021/6/2	346.38	70.4	77.59
2021/6/3	346.43	70.37	77.67
2021/6/4	347.35	70.55	77.62
2021/6/7	345.64	70.21	77.54
2021/6/8	347.37	70.56	77.75
2021/6/9	347.05	70.47	77.95
2021/6/10	346.3	70.35	77.29
2021/6/11	346.08	70.32	77.39
2021/6/14	350.14	71.18	77.8
2021/6/15	351.26	71.35	77.59
2021/6/16	351.14	71.31	77.55
2021/6/17	353.79	71.83	78.04
2021/6/18	355.38	72.13	78.1
2021/6/21	354.72	72	78.07
2021/6/22	353.85	71.83	78.02
2021/6/23	349.28	70.91	77.27
2021/6/24	349.51	70.96	77.16
2021/6/25	351.33	71.32	77.94
2021/6/28	351.1	71.28	77.87
2021/6/29	351.13	71.26	77.83
2021/6/30	351.9	71.42	77.86
2021/7/1	351.31	71.3	77.73
2021/7/2	351.76	71.39	77.76
2021/7/5	351.44	71.33	77.98
2021/7/6	353.54	71.78	78.51
2021/7/7	354.33	71.91	78.42
2021/7/8	358.1	72.67	78.84
2021/7/9	355.98	72.24	78.28
2021/7/12	355.34	72.12	77.97
2021/7/13	356.35	72.33	78.04
2021/7/14	358.65	72.77	78.16
2021/7/15	358.94	72.83	78.47
2021/7/16	359.29	72.88	78.39
2021/7/19	360.09	73.08	78.51
2021/7/20	359.55	72.97	78.21
2021/7/21	359.73	73	78.25
2021/7/22	359.01	72.89	78.44
2021/7/23	358.76	72.88	78.44
2021/7/26	361.48	73.44	78.83
2021/7/27	361.8	73.53	78.73
2021/7/28	359.25	73.04	78.18
2021/7/29	358.81	72.9	78.22
2021/7/30	357.62	72.67	78.26
2021/8/2	356.85	72.55	78.21
2021/8/3	355.16	72.2	78.03
2021/8/4	354.8	72.13	78.04
2021/8/5	354.07	72.01	77.71
2021/8/6	353.07	71.83	77.61
2021/8/9	354.46	72.13	77.54
2021/8/10	352.58	71.72	77.18
2021/8/11	354.73	72.17	77.35
2021/8/12	353.21	71.86	76.93
2021/8/13	352.69	71.79	77.13
2021/8/16	351.86	71.64	77.07
2021/8/17	351.93	71.5	77.04
2021/8/18	351.13	71.28	77.05
2021/8/19	351.48	71.31	76.67
2021/8/23	350.07	70.96	76.3
2021/8/24	349.17	70.84	76.14
2021/8/25	347.35	70.47	76.03
2021/8/26	348.83	70.72	76.21
2021/8/27	350.73	71.06	76.56
2021/8/30	348.25	70.58	76.21
2021/8/31	348.48	70.59	76.76
2021/9/1	348.43	70.6	77.1
2021/9/2	347.15	70.29	77.02
2021/9/3	348.49	70.53	77.22
2021/9/6	347.41	70.25	76.96
2021/9/7	347.79	70.27	76.95
2021/9/8	349.84	70.72	77.45
2021/9/9	351.36	71.02	77.52
2021/9/10	351.1	71.02	77.16
2021/9/13	349.77	70.72	77.06
2021/9/14	349.72	70.65	76.77
2021/9/15	349.49	70.61	76.81
2021/9/16	348.9	70.51	76.28
2021/9/17	351.42	71.02	76.74
2021/9/20	353.75	71.48	76.9
2021/9/21	352.89	71.3	76.46
2021/9/22	354.3	71.59	76.49
2021/9/23	355.39	71.81	77.23
2021/9/24	356.68	72.06	77.36
2021/9/27	357.71	72.27	77.85
2021/9/28	359.41	72.61	77.81
2021/9/29	359.47	72.63	77.64
2021/9/30	360.52	72.88	77.81
2021/10/1	359.21	72.58	78.19
2021/10/4	356.21	71.99	77.92
2021/10/5	357.05	72.15	77.57
2021/10/6	359.87	72.71	77.91
2021/10/7	358.42	72.43	78.81
2021/10/8	359.46	72.63	78.21
2021/10/11	361.58	73.06	78.39
2021/10/12	359.89	72.69	78.47
2021/10/13	360.34	72.81	78.67
2021/10/14	359.77	72.67	78.57
2021/10/15	359.76	72.65	78.65
2021/10/18	360.86	72.93	78.97
2021/10/19	359.99	72.75	78.76
2021/10/20	362.88	73.31	79.15
2021/10/21	361.65	73.12	78.72
2021/10/22	363.24	73.41	78.84
2021/10/25	364.46	73.68	79.2
2021/10/26	365.36	73.85	79.2
2021/10/27	365.34	73.85	79.13
2021/10/28	363.84	73.5	78.67
2021/10/29	360.8	72.88	78.05
2021/11/2	360.22	72.77	78.06
2021/11/3	359.09	72.55	78.06
2021/11/4	360.19	72.79	78.33
2021/11/5	359.88	72.7	78.11
2021/11/8	359.87	72.71	78.31
2021/11/9	362.23	73.18	78.87
2021/11/10	361.53	73.06	78.58
2021/11/11	365.15	73.79	78.86
2021/11/12	365.43	73.86	78.75
2021/11/15	367.08	74.17	79.19
2021/11/16	365.64	73.88	78.42
2021/11/17	365.24	73.81	78.38
2021/11/18	363.66	73.47	78.07
2021/11/19	365.03	73.77	77.94
2021/11/22	369.86	74.72	78.37
2021/11/23	371.35	75.03	78.71
2021/11/24	368.29	74.42	78.69
2021/11/25	366.69	74.06	78.58
2021/11/26	367.69	74.27	78.24
2021/11/29	368.63	74.48	78.46
2021/11/30	366.83	74.1	78.31
2021/12/1	364.35	73.63	78.37
2021/12/2	362.22	73.19	78.75
2021/12/3	363.51	73.43	79.19
2021/12/6	363.94	73.55	79.31
2021/12/7	365.65	73.87	79.49
2021/12/8	367.62	74.3	80.05
2021/12/9	365.85	73.91	79.17
2021/12/10	365.75	73.89	79.28
2021/12/13	366.51	74.05	79.31
2021/12/14	367.03	74.16	79.05
2021/12/15	368.76	74.49	79.78
2021/12/16	368.92	74.51	79.68
2021/12/17	367.71	74.28	79.35
2021/12/20	367.12	74.15	79.14
2021/12/21	367.98	74.35	79.57
2021/12/22	367.94	74.35	79.56
2021/12/23	369.52	74.64	79.71
2021/12/27	371.2	74.98	80.34
2021/12/28	369.52	74.64	80.3
2021/12/29	369.55	74.64	80.38
2021/12/30	369.71	74.69	80.52
2021/12/31	369	74.56	80.3
2022/1/3	367.66	74.31	80.13
2022/1/4	365.44	73.84	79.91
2022/1/5	361.71	73.1	79.21
2022/1/6	361.12	73.05	79.06
2022/1/7	359.36	72.69	78.85
2022/1/10	357.88	72.38	78.87
2022/1/11	357.39	72.28	78.63
2022/1/12	356.11	72.02	78.56
2022/1/13	355.15	71.81	78.45
2022/1/14	354.74	71.78	78.19
2022/1/17	355.89	72	78.7
2022/1/18	356.74	72.13	78.8
2022/1/19	356.48	72.1	78.73
2022/1/20	357.05	72.2	78.98
2022/1/21	357.02	72.2	78.8
2022/1/24	358.7	72.52	79.08
2022/1/25	360.52	72.92	78.72
2022/1/26	359.65	72.73	78.3
2022/1/27	358.69	72.53	78.47
2022/1/28	357.28	72.22	78.16
2022/1/31	358.11	72.39	77.9
2022/2/1	355.5	71.87	77.6
2022/2/2	355.25	71.82	78.1
2022/2/3	354.66	71.69	78.04
2022/2/4	354.51	71.65	77.96
2022/2/7	353.14	71.39	77.53
2022/2/8	353.69	71.5	78.13
2022/2/9	353.15	71.39	78.19
2022/2/10	353.52	71.49	78.77
2022/2/11	353.69	71.53	78.35
2022/2/14	357	72.19	77.99
2022/2/15	355.52	71.92	78.8
2022/2/16	354.49	71.77	78.93
2022/2/17	356.14	72.04	79
2022/2/18	356.35	72.08	78.72
2022/2/21	356.11	72.01	78.79
2022/2/22	357.14	72.21	78.61
2022/2/23	356.55	72.09	78.61
2022/2/24	364.45	73.63	78.65
2022/2/25	368.17	74.4	78.97
2022/2/28	369.8	74.74	78.82
2022/3/1	372.46	75.27	78.81
2022/3/2	380.47	76.88	79.22
2022/3/3	378.42	76.46	78.9
2022/3/4	381.71	77.11	78.96
2022/3/7	397.31	80.26	79.96
2022/3/8	388.08	78.4	78.94
2022/3/9	383.18	77.4	79.06
2022/3/10	380.06	76.8	79.13
2022/3/11	381.23	77.04	79.52
2022/3/16	372.2	75.21	79.02
2022/3/17	371.45	75.08	79.2
2022/3/18	373.54	75.49	79.09
2022/3/21	374.54	75.71	79.83
2022/3/22	373.46	75.48	79.49
2022/3/23	371.92	75.18	79.02
2022/3/24	375.27	75.83	78.87
2022/3/25	375.18	75.81	79.06
2022/3/28	373.15	75.39	79.3
2022/3/29	372.57	75.3	78.99
2022/3/30	367.22	74.2	78.9
2022/3/31	369.62	74.71	79.4
2022/4/1	367.52	74.32	79.15
2022/4/4	368.77	74.61	79.5
2022/4/5	370.49	74.92	79.97
2022/4/6	378.43	76.53	81.27
2022/4/7	381.83	77.25	82.13
2022/4/8	377.28	76.34	81.26
2022/4/11	379.99	76.89	81.8
2022/4/12	378.68	76.62	81.19
2022/4/13	378.11	76.51	81.41
2022/4/14	376.08	76.05	80.99
2022/4/19	373.19	75.53	80.48
2022/4/20	371.09	75.07	80.14
2022/4/21	371.6	75.18	79.9
2022/4/22	371.04	75.05	80.03
2022/4/25	373.14	75.85	80.44
2022/4/26	376.14	76.03	81.02
2022/4/27	380.41	76.91	80.8
2022/4/28	377.37	76.27	80.43
2022/4/29	377.12	76.19	80.95
2022/5/2	378.14	76.41	80.77
2022/5/3	382.38	77.29	81.24
2022/5/4	378.93	76.6	81.04
2022/5/5	378.26	76.43	81.03
2022/5/6	380.41	76.87	80.84
2022/5/9	383.6	77.54	81.54
2022/5/10	378.86	76.62	81.02
2022/5/11	379.46	76.67	81.24
2022/5/12	382.76	77.34	81.69
2022/5/13	384.08	77.63	82.24
2022/5/16	384.69	77.75	82.3
2022/5/17	387.5	78.31	83.18
2022/5/18	385.28	77.86	82.79
2022/5/19	386.01	78.02	83.18
2022/5/20	384.58	77.71	82.94
2022/5/23	382.6	77.33	82.86
2022/5/24	383.23	77.47	83.11
2022/5/25	385.03	77.93	83.74
2022/5/26	393.35	79.6	85.24
2022/5/27	392.82	79.47	85.2
2022/5/30	393.01	79.48	85.67
2022/5/31	394.05	79.7	86.12
2022/6/1	397.03	80.3	86.52
2022/6/2	394.53	79.85	85.99
2022/6/3	394.68	79.85	85.99
2022/6/7	389.61	78.83	84.97
2022/6/8	389.9	78.85	85.09
2022/6/9	394.71	79.8	86.17
2022/6/10	398.12	80.5	86.49
2022/6/13	397.69	80.41	85.81
2022/6/14	398.53	80.62	85.62
2022/6/15	398.5	80.58	85.43
2022/6/16	395.56	80	84.17
2022/6/17	398.81	80.63	84.94
2022/6/20	400.21	80.94	85.64
2022/6/21	396.4	80.12	85.29
2022/6/22	395.46	79.91	84.85
2022/6/23	399.58	80.77	84.84
2022/6/24	400.8	81.03	85.14
2022/6/27	403.52	81.59	85.93
2022/6/28	400.72	81.02	85.23
2022/6/29	396.27	80.17	84.65
2022/6/30	396.75	80.23	84.74
2022/7/1	398.74	80.62	84.5
2022/7/4	400.02	80.88	85.1
2022/7/5	404.79	81.87	85.46
2022/7/6	409.98	82.93	85.53
2022/7/7	412.97	83.45	86.1
2022/7/8	405.63	82.04	84.59
2022/7/11	409	82.74	85.17
2022/7/12	413.78	83.74	85.62
2022/7/13	410.43	83.02	84.77
2022/7/14	409.82	82.93	84.67
2022/7/15	404.08	81.78	83.98
2022/7/18	403.04	81.58	84.35
2022/7/19	399.1	80.79	83.63
2022/7/20	397.28	80.41	83.38
2022/7/21	401.59	81.29	84.41
2022/7/22	397.4	80.53	83.32
2022/7/25	396.36	80.41	83.92
2022/7/26	399.03	80.87	84.56
2022/7/27	404.1	81.9	84.53
2022/7/28	406.68	82.38	84.81
2022/7/29	404.2	81.91	85.29
2022/8/1	403.28	81.79	84.9
2022/8/2	397.93	80.76	84.46
2022/8/3	396.01	80.36	84.22
2022/8/4	396.49	80.48	83.93
2022/8/5	394.82	80.15	83.89
2022/8/8	392.66	79.75	83.5
2022/8/9	395.02	80.53	84.02
2022/8/10	401.29	81.67	85.12
2022/8/11	394.59	80.38	84.41
2022/8/12	393.04	80.4	83.93
2022/8/15	397.33	81.76	85.01
2022/8/16	404.01	82.69	86.07
2022/8/17	406.92	83.29	86.79
2022/8/18	405.05	82.94	85.72
2022/8/19	406.85	83.36	85.7
2022/8/22	405.83	83.07	85.43
2022/8/23	410.88	84.12	86.1
2022/8/24	411.24	84.19	86.09
2022/8/25	408.35	83.76	85.79
2022/8/26	409	83.92	86.25
2022/8/29	410.8	84.3	86.4
2022/8/30	407.29	83.68	86.08
2022/8/31	405.11	83.33	85.64
2022/9/1	401.28	82.66	85.11
2022/9/2	398.96	82.49	84.67
2022/9/5	403.83	83.78	85.45
2022/9/6	403.34	83.54	85.51
2022/9/7	401.49	82.68	85.2
2022/9/8	397.57	81.64	84.18
2022/9/9	395.48	80.81	83.96
2022/9/12	395.06	80.55	83.84
2022/9/13	396.42	80.6	84.19
2022/9/14	402.09	81.66	85.17
2022/9/15	405.65	82.33	86
2022/9/16	405.21	82.27	85.87
2022/9/19	400.98	81.44	85.06
2022/9/20	398.9	80.89	84.57
2022/9/21	403.14	81.54	84.96
2022/9/22	406.17	82.19	85.02
2022/9/23	406.29	82.17	85.42
2022/9/26	406.5	82.24	85.45
2022/9/27	407.45	82.43	85.55
2022/9/28	411.26	83.09	85.41
2022/9/29	420.21	84.9	86.37
2022/9/30	421.41	85.15	86.52
2022/10/3	422.51	85.38	87.51
2022/10/4	417.5	84.39	86.95
2022/10/5	422.4	85.54	87.71
2022/10/6	423.53	85.79	87.4
2022/10/7	423.77	85.76	87.16
2022/10/10	426.68	86.38	87.64
2022/10/11	427.89	86.68	87.83
2022/10/12	429.82	87.01	88.59
2022/10/13	432.94	87.59	89.31
2022/10/14	419.61	85	86.82
2022/10/17	419.2	84.89	86.89
2022/10/18	412.52	83.56	85.82
2022/10/19	412.93	83.7	86.04
2022/10/20	412.46	83.78	86.04
2022/10/21	413.14	84.03	86.35
2022/10/24	412.84	84.02	86.29
2022/10/25	412.69	84.15	86.35
2022/10/26	410.61	83.99	86.04
2022/10/27	407.71	83.56	85.85
2022/10/28	412.01	83.91	87.32
2022/11/2	408.3	83.14	86.79
2022/11/3	409.54	83.54	86.95
2022/11/4	402.82	82.27	85.89
2022/11/7	401.78	82.22	85.71
2022/11/8	401.1	81.99	85.54
2022/11/9	405.05	82.59	86.07
2022/11/10	401.91	82.16	85.28
2022/11/11	403.66	82.51	86.28
2022/11/14	406.16	82.91	86.83
2022/11/15	405.8	82.73	86.35
2022/11/16	407.13	82.78	86.77
2022/11/17	411.57	83.66	87.44
2022/11/18	410.5	83.12	87.18
2022/11/21	410.42	83.06	87.3
2022/11/22	408.51	82.78	86.77
2022/11/23	405.82	82.17	86.4
2022/11/24	414.44	84.05	88.25
2022/11/25	412.6	83.85	88.03
2022/11/28	408.3	82.9	87.13
2022/11/29	408.04	82.9	87.15
2022/11/30	407.67	82.82	87.32
2022/12/1	410	83.2	87.42
2022/12/2	408.78	82.89	87.2
2022/12/5	409.36	83.14	87.25
2022/12/6	414.34	84.29	88.15
2022/12/7	410.55	83.51	87.37
2022/12/8	414.49	84.29	88.24
2022/12/9	414.94	84.35	88.65
2022/12/12	417.81	84.84	89.05
2022/12/13	411.22	83.39	87.51
2022/12/14	408.41	82.89	87.1
2022/12/15	405.73	82.41	86.61
2022/12/16	406.09	82.55	86.52
2022/12/19	403.83	82.11	86.09
2022/12/20	403.16	82.04	86.17
2022/12/21	402.64	82.09	86.32
2022/12/22	402.23	82.17	86.42
2022/12/23	400.6	81.72	86.42
2022/12/27	401.96	81.7	86.32
2022/12/28	402.95	81.59	85.82
2022/12/29	402.54	81.4	85.72
2022/12/30	400.25	80.88	85.35
2023/1/2	400.66	81.04	85.64
2023/1/3	402.81	81.66	86.07
2023/1/4	397.14	80.55	85.1
2023/1/5	395.66	80.29	84.68
2023/1/6	396.68	80.48	84.5
2023/1/9	397.1	80.64	84.49
2023/1/10	398.26	80.85	84.71
2023/1/11	400.08	81.1	85.38
2023/1/12	399.29	80.87	85.18
2023/1/13	396.19	80.19	84.44
2023/1/16	398.98	80.69	84.92
2023/1/17	399.12	80.91	85.01
2023/1/18	394.81	80.03	83.81
2023/1/19	395.39	80.22	84.04
2023/1/20	395.88	80.36	83.99
2023/1/23	394.62	80.21	83.62
2023/1/24	396.68	80.64	84.23
2023/1/25	389.46	79.48	82.73
2023/1/26	388.61	79.55	82.23
2023/1/27	388.18	79.33	82.49
2023/1/30	391.96	79.93	83.12
2023/1/31	388.99	79.04	82.61
2023/2/1	390.13	79.38	82.86
2023/2/2	387.69	79.13	82.37
2023/2/3	384.95	78.5	82.02
2023/2/6	389.48	79.43	82.5
2023/2/7	392.7	80.1	82.73
2023/2/8	389.61	79.58	82.17
2023/2/9	385.13	78.8	81.32
2023/2/10	389.28	79.41	81.53
2023/2/13	388.12	79.17	81.04
2023/2/14	382.44	78.03	79.95
2023/2/15	379.3	77.42	79.71
2023/2/16	382.37	78.02	80.08
2023/2/17	385.61	78.63	80.72
2023/2/20	383.63	78	80.7
2023/2/21	383.72	78.03	80.84
2023/2/22	383.94	77.93	80.78
2023/2/23	381.01	77.48	80.18
2023/2/24	379.85	77.23	80.4
2023/2/27	379.4	77.09	80.45
2023/2/28	379.9	77.21	80.54
2023/3/1	376.17	76.39	80.17
2023/3/2	373.89	75.98	79.94
2023/3/3	378.6	76.92	80.47
2023/3/6	378.57	76.95	80.43
2023/3/7	377.45	76.72	80.54
2023/3/8	381.15	77.48	81.08
2023/3/9	379.3	77.16	80.99
2023/3/10	382.86	77.89	81.75
2023/3/13	384.7	78.24	82.11
2023/3/14	394.65	80.14	84.13
2023/3/16	395.62	80.41	84.21
2023/3/17	394.08	80.1	83.73
2023/3/20	398.93	81.06	84.68
2023/3/21	391.74	79.57	83.36
2023/3/22	390.33	79.28	83.26
2023/3/23	385.9	78.41	82.43
2023/3/24	388.21	78.81	82.72
2023/3/27	385.8	78.09	82.32
2023/3/28	385.03	77.82	82.25
2023/3/29	380.6	76.92	81.24
2023/3/30	380.98	76.97	81.39
2023/3/31	380.99	76.95	81.48
2023/4/3	380.26	76.95	81.24
2023/4/4	376.42	76.28	80.45
2023/4/5	377.14	76.47	80.57
2023/4/6	377.48	76.46	80.48
2023/4/11	376.33	76.3	80.4
2023/4/12	376.2	76.18	80.62
2023/4/13	375.14	75.89	80.64
2023/4/14	373.84	75.63	80.41
2023/4/17	373.1	75.47	80.54
2023/4/18	371.55	75.22	80.26
2023/4/19	377.23	76.45	81.52
2023/4/20	378.81	76.83	82.18
2023/4/21	377.86	76.45	82.06
2023/4/24	376.92	76.43	81.71
2023/4/25	376.8	76.36	81.94
2023/4/26	375.62	76.03	81.85
2023/4/27	373.31	75.55	81.32
2023/4/28	372.98	75.55	81.24
2023/5/2	371.77	75.43	80.96
2023/5/3	374.42	75.95	81.73
2023/5/4	373.22	75.7	81.39
2023/5/5	373.4	75.78	81.38
2023/5/8	372.96	75.73	81.69
2023/5/9	372.08	75.6	81.45
2023/5/10	371.12	75.4	81.59
2023/5/11	370.87	75.22	81.95
2023/5/12	371.58	75.29	81.78
2023/5/15	369.51	74.89	81.97
2023/5/16	369.38	74.68	82.24
2023/5/17	369.12	74.42	82.13
2023/5/18	373.04	75.09	82.24
2023/5/19	377.33	75.84	83.15
2023/5/22	375.47	75.39	82.94
2023/5/23	376.74	75.8	83.75
2023/5/24	374.59	75.43	83.63
2023/5/25	373.52	75.36	82.96
2023/5/26	372	75.01	82.22
2023/5/30	370.76	74.67	81.99
2023/5/31	371.06	74.68	81.77
2023/6/1	370.55	74.6	81.77
2023/6/2	371.06	74.74	82.19
2023/6/5	369.42	74.38	82.39
2023/6/6	369.14	74.38	82.22
2023/6/7	368.78	74.38	82.4
2023/6/8	369.45	74.47	82.31
2023/6/9	369.28	74.51	82.58
2023/6/12	368.25	74.3	83
2023/6/13	370.1	74.6	82.63
2023/6/14	371.22	74.87	83.01
2023/6/15	373.65	75.4	83.66
2023/6/16	374.13	75.4	83.95
2023/6/19	373.94	75.39	84.07
2023/6/20	373.71	75.3	84.21
2023/6/21	371.43	74.83	83.63
2023/6/22	370.03	74.54	83.48
2023/6/23	370.63	74.77	83.54
2023/6/26	369.36	74.56	83.37
2023/6/27	368.93	74.38	83.31
2023/6/28	370.72	74.75	83.1
2023/6/29	370.92	74.75	83.22
2023/6/30	371.13	74.78	83.39
2023/7/3	373.72	75.43	84.3
2023/7/4	375	75.75	84.74
2023/7/5	378.03	76.41	84.94
2023/7/6	382.02	77.14	85.36
2023/7/7	387.4	78.18	86.45
2023/7/10	383.91	77.53	86.16
2023/7/11	380.07	76.79	85.55
2023/7/12	377.66	76.3	84.91
2023/7/13	375.84	76	84.79
2023/7/14	374.97	75.93	84.32
2023/7/17	373.57	75.61	83.93
2023/7/18	374.24	75.77	84.39
2023/7/19	374.55	75.72	84.14
2023/7/20	379.87	76.87	85.34
2023/7/21	380.67	77.1	85.55
2023/7/24	378.96	76.95	85.13
2023/7/25	378.55	76.96	85.36
2023/7/26	382.29	77.56	86.4
2023/7/27	378.57	76.81	85.6
2023/7/28	383.8	77.81	86.74
2023/7/31	385.28	78.09	87.27
2023/8/1	389.67	78.96	88.16
2023/8/2	389.26	78.89	87.5
2023/8/3	391.55	79.3	87.82
2023/8/4	391.61	79.07	88.1
2023/8/7	390.33	78.87	88.15
2023/8/8	386.5	78.08	87.11
2023/8/9	388.16	78.46	87.04
2023/8/10	386.35	78.15	86.53
2023/8/11	384.71	77.85	86.33
2023/8/14	382.69	77.42	86.28
2023/8/15	387.93	78.53	86.81
2023/8/16	386.13	78.17	86.53
2023/8/17	387.65	78.55	86.73
2023/8/18	383.98	77.67	85.57
2023/8/21	382.76	77.45	85.51
2023/8/22	382.76	77.54	85.7
2023/8/23	383.28	77.56	85.51
2023/8/24	383.18	77.64	85.63
2023/8/25	382.97	77.52	85.74
2023/8/28	383.01	77.55	85.65
2023/8/29	382.22	77.35	85.51
2023/8/30	380.55	76.97	85.04
2023/8/31	380.05	76.92	85.04
2023/9/1	383.96	77.67	85.8
2023/9/4	382.52	77.33	85.68
2023/9/5	384.98	77.8	85.95
2023/9/6	387.85	78.25	86.26
2023/9/7	390.83	78.75	85.03
2023/9/8	385.08	77.58	83.67
2023/9/11	384.68	77.5	83.25
2023/9/12	386.35	77.8	82.52
2023/9/13	385	77.5	82.98
2023/9/14	384.5	77.37	83.05
2023/9/15	384.08	77.29	82.95
2023/9/18	384.26	77.33	82.9
2023/9/19	383.87	77.25	82.63
2023/9/20	383.69	77.18	82.45
2023/9/21	385.61	77.57	83.44
2023/9/22	386.71	77.83	83.93
2023/9/25	390.11	78.52	84.98
2023/9/26	389.66	78.43	84.57
2023/9/27	388.37	78.1	84.33
2023/9/28	393.07	79.01	84.79
2023/9/29	391.25	78.68	84.41
2023/10/2	387.43	77.89	84.07
2023/10/3	387.57	77.91	83.97
2023/10/4	388.45	78.09	83.87
2023/10/5	387.66	77.95	84.31
2023/10/6	386.81	77.84	84.1
2023/10/9	388.28	78.14	84.79
2023/10/10	387.76	78.12	85.09
2023/10/11	386.71	77.88	85.6
2023/10/12	386.16	77.8	85.19
2023/10/13	387.12	77.96	85.23
2023/10/16	386.77	77.89	86.33
2023/10/17	385.68	77.63	86.92
2023/10/18	383.35	77.11	86.16
2023/10/19	384.9	77.41	86.44
2023/10/20	383.74	77.15	85.9
2023/10/24	381.15	76.71	85.45
2023/10/25	384.96	77.56	86
2023/10/26	383.59	77.29	85.77
2023/10/27	383.3	77.15	85.85
2023/10/30	382.6	77.09	86.01
2023/10/31	382.48	77.02	86
2023/11/2	382.54	76.98	85.81
2023/11/3	381.36	76.73	85.59
2023/11/6	379.74	76.43	85.07
2023/11/7	378.56	76.17	85.02
2023/11/8	378.35	76.16	84.86
2023/11/9	378.99	76.28	85.31
2023/11/10	376.88	75.85	85.25
2023/11/13	377.05	75.87	85.03
2023/11/14	377.03	75.81	85.38
2023/11/15	376.74	75.8	85.8
2023/11/16	376.37	75.73	85.84
2023/11/17	377.15	75.89	86.15
2023/11/20	379.09	76.25	86.78
2023/11/21	380.24	76.49	87.11
2023/11/22	381.25	76.7	87.01
2023/11/23	379.8	76.4	86.98
2023/11/24	380.03	76.46	86.91
2023/11/27	379.95	76.44	87.26
2023/11/28	380.12	76.44	87.3
2023/11/29	378.16	76.05	87.28
2023/11/30	379.51	76.32	87.28
2023/12/1	380.17	76.49	87.4
2023/12/4	379.67	76.42	87.62
2023/12/5	379.35	76.37	87.75
2023/12/6	380.54	76.6	87.68
2023/12/7	380.77	76.64	87.87
2023/12/8	382.59	77.02	88.36
2023/12/11	381.28	76.69	87.91
2023/12/12	382.56	76.94	88.15
2023/12/13	381.62	76.72	88.11
2023/12/14	379.89	76.4	88.25
2023/12/15	380.4	76.53	88.25
2023/12/18	384.34	77.35	88.78
2023/12/19	383.44	77.14	88.49
2023/12/20	385	77.46	88.91
2023/12/21	383.07	77.09	88.24
2023/12/22	382.2	76.9	88.29
2023/12/27	381.83	76.8	88.15
2023/12/28	381.84	76.75	87.98
2023/12/29	382.78	76.95	88.04
2024/1/2	382.12	76.86	87.97
2024/1/3	380.78	76.56	87.24
2024/1/4	379.38	76.28	87.17
2024/1/5	378.12	76.02	86.93
2024/1/8	377.8	75.99	86.76
2024/1/9	378.56	76.13	87.32
2024/1/10	378.29	76.07	87.14
2024/1/11	379.5	76.32	87.22
2024/1/12	379.33	76.27	87.01
2024/1/15	379.76	76.35	86.83
2024/1/16	380.33	76.44	86.52
2024/1/17	380.93	76.57	86.62
2024/1/18	381.74	76.7	86.73
2024/1/19	383.05	76.95	87.36
2024/1/22	382.38	76.85	87.76
2024/1/23	384.03	77.16	87.89
2024/1/24	385.08	77.37	88.02
2024/1/25	385.52	77.46	88.05
2024/1/26	386.13	77.59	88.16
2024/1/29	389.2	78.19	89.18
2024/1/30	389.5	78.25	89.29
2024/1/31	385.09	77.38	88.66
2024/2/1	384.87	77.36	89
2024/2/2	383.42	77.1	88.82
2024/2/5	384.71	77.35	88.91
2024/2/6	386.8	77.74	89.02
2024/2/7	387.48	77.86	89.11
2024/2/8	387.84	77.94	89.28
2024/2/9	388.71	78.09	90.04
2024/2/12	387.64	77.91	89.57
2024/2/13	386.94	77.76	89.55
2024/2/14	388.12	78	89.35
2024/2/15	389.12	78.19	89.54
2024/2/16	389.34	78.24	89.68
2024/2/19	389.25	78.21	89.7
2024/2/20	389.04	78.17	90.12
2024/2/21	387.99	77.98	89.87
2024/2/22	387.19	77.8	89.61
2024/2/23	388.81	78.15	89.73
2024/2/26	389.34	78.28	90.29
2024/2/27	389.02	78.29	90.35
2024/2/28	391.26	78.71	90.73
2024/2/29	393.89	79.28	91.17
2024/3/1	393.75	79.21	91.2
2024/3/4	394.15	79.3	91.23
2024/3/5	395.98	79.65	91.61
2024/3/6	393.69	79.18	91.33
2024/3/7	394.52	79.37	91.64
2024/3/8	394.59	79.39	91.6
2024/3/11	394.96	79.5	92
2024/3/12	396.05	79.74	92.52
2024/3/13	397.77	80.07	92.72
2024/3/14	394.15	79.28	91.94
2024/3/18	394.46	79.34	91.51
2024/3/19	395.78	79.57	91.61
2024/3/20	395.25	79.46	91.4
2024/3/21	393.98	79.21	91.56
2024/3/22	397.4	79.92	92.03
2024/3/25	396.98	79.85	92.13
2024/3/26	396.43	79.74	91.99
2024/3/27	394.87	79.44	91.54
2024/3/28	395.83	79.6	91.66
2024/4/2	395.26	79.52	92.05
2024/4/3	393.45	79.15	91.67
2024/4/4	391.6	78.78	91.21
2024/4/5	390.58	78.61	91.07
2024/4/8	390.15	78.53	91.11
2024/4/9	388.8	78.25	91.28
2024/4/10	390.39	78.57	91.56
2024/4/11	390.76	78.62	91.63
2024/4/12	391.76	78.8	91.81
2024/4/15	393.05	79.03	91.71
2024/4/16	394.88	79.36	91.38
2024/4/17	393.4	79.06	90.73
2024/4/18	393.76	79.13	90.92
2024/4/19	395.06	79.39	91.19
2024/4/22	394.83	79.36	91.41
2024/4/23	394.26	79.24	90.96
2024/4/24	393.51	79.08	91.15
2024/4/25	392.92	78.96	90.93
2024/4/26	392.91	78.95	90.91
2024/4/29	391.99	78.76	90.75
2024/4/30	391.04	78.59	90.49
2024/5/2	389.59	78.29	89.94
2024/5/3	389.79	78.33	90.01
2024/5/6	389.62	78.33	89.99
2024/5/7	389.06	78.22	90.22
2024/5/8	389.63	78.29	90.19
2024/5/9	388.36	78.06	90.33
2024/5/10	387.78	77.94	90.21
2024/5/13	387.34	77.84	90.11
2024/5/14	386.64	77.69	90.31
2024/5/15	386.3	77.62	90.59
2024/5/16	386.16	77.61	90.63
2024/5/17	387.87	77.96	90.9
2024/5/21	385.91	77.58	90.65
2024/5/22	386.15	77.62	90.69
2024/5/23	387.34	77.85	90.71
2024/5/24	385.56	77.5	90.45
2024/5/27	384.57	77.28	90.42
2024/5/28	384.57	77.28	90.3
2024/5/29	384.95	77.36	90.49
2024/5/30	388.43	78.05	90.58
2024/5/31	389.48	78.26	91.27
2024/6/3	390.16	78.41	91.11
2024/6/4	391.36	78.66	91.2
2024/6/5	391.8	78.74	90.94
2024/6/6	391.88	78.76	91.14
2024/6/7	389.64	78.31	90.85
2024/6/10	393.09	78.99	91
2024/6/11	394.89	79.34	90.9
2024/6/12	394.66	79.31	91.01
2024/6/13	395.47	79.45	91.22
2024/6/14	397.66	79.89	91.2
2024/6/17	396.04	79.57	90.85
2024/6/18	395.85	79.53	91.06
2024/6/19	395.57	79.49	91.15
2024/6/20	396.43	79.66	91.71
2024/6/21	397.62	79.89	91.76
2024/6/24	395.49	79.46	91.55
2024/6/25	394.98	79.36	92.07
2024/6/26	396.43	79.65	92.05
2024/6/27	396.59	79.69	92.03
2024/6/28	395.15	79.39	91.63
2024/7/1	393.39	79.04	91.53
2024/7/2	395.68	79.5	91.41
2024/7/3	394.85	79.33	91.74
2024/7/4	393.62	79.09	91.6
2024/7/5	392.69	78.89	91.62
2024/7/8	393.77	79.14	92.05
2024/7/9	396.2	79.66	92.91
2024/7/10	393.28	79.07	92.48
2024/7/11	393.9	79.18	92.52
2024/7/12	392.92	79	92.27
2024/7/15	391.3	78.73	92.09
2024/7/16	391.4	78.81	91.87
2024/7/17	390.9	78.65	91.1
2024/7/18	390.04	78.49	90.79
2024/7/19	391.11	78.68	91.08
2024/7/22	390.06	78.46	91.1
2024/7/23	390.17	78.45	91.13
2024/7/24	391.96	78.83	91.57
2024/7/25	393.61	79.21	91.59
2024/7/26	391.77	78.82	91.59
2024/7/29	391.27	78.7	91.32
2024/7/30	394.23	79.24	91.99
2024/7/31	395.7	79.52	92.1
2024/8/1	395.94	79.57	92.26
2024/8/2	396.79	79.75	92.49
2024/8/5	398.5	80.07	92.52
2024/8/6	397.24	79.8	92.05
2024/8/7	398.48	80.07	92.32
2024/8/8	397.19	79.81	91.89
2024/8/9	395.57	79.47	91.47
2024/8/12	393.97	79.16	91.32
2024/8/13	393.49	79.05	91.62
2024/8/14	394.27	79.23	91.84
2024/8/15	394.66	79.3	92.11
2024/8/16	395.75	79.53	92.6
2024/8/21	392.9	78.93	91.62
2024/8/22	393.94	79.16	91.93
2024/8/23	393.73	79.11	92.05
2024/8/26	395.02	79.38	92.28
2024/8/27	394.15	79.2	92.06
2024/8/28	393.47	79.04	91.64
2024/8/29	392.88	78.93	91.66
2024/8/30	392.61	78.88	91.72
2024/9/2	392.75	78.92	91.74
2024/9/3	392.89	78.96	91.87
2024/9/4	393.84	79.18	91.97
2024/9/5	392.93	79.04	91.99
2024/9/6	394.02	79.23	92.08
2024/9/9	394.88	79.38	92.2
2024/9/10	397.16	79.84	92.72
2024/9/11	396.55	79.72	92.53
2024/9/12	396.48	79.71	92.25
2024/9/13	395.32	79.48	92.17
2024/9/16	393.98	79.19	92.14
2024/9/17	394.27	79.26	92.22
2024/9/18	394.47	79.29	92.39
2024/9/19	394.7	79.34	92.46
2024/9/20	394.39	79.27	92.19
2024/9/23	394.46	79.29	92.21
2024/9/24	394.91	79.36	92.55
2024/9/25	395.11	79.4	92.67
2024/9/26	395.98	79.57	92.82
2024/9/27	396.85	79.75	92.82
2024/9/30	397.56	79.89	92.91
2024/10/1	397.29	79.84	92.72
2024/10/2	398.86	80.15	92.87
2024/10/3	400.07	80.38	93.06
2024/10/4	401.71	80.71	93.13
2024/10/7	401.5	80.67	92.98
2024/10/8	401.1	80.59	92.84
2024/10/9	399.97	80.36	92.96
2024/10/10	400.23	80.43	93
2024/10/11	400.94	80.58	93.37
2024/10/14	400.91	80.61	93.41
2024/10/15	400.37	80.46	93.29
2024/10/16	400.58	80.5	93.25
2024/10/17	401.66	80.71	93.02
2024/10/18	400.05	80.42	92.91
2024/10/21	401.54	80.74	92.98
2024/10/22	400.87	80.6	92.87
2024/10/24	402.69	80.96	92.79
2024/10/25	404.2	81.27	92.85
2024/10/28	404.45	81.32	93.02
2024/10/29	404.56	81.32	92.9
2024/10/30	406.44	81.7	93.76
2024/10/31	408.43	82.1	93.82
2024/11/4	407.79	81.97	93.87
2024/11/5	409.3	82.27	93.87
2024/11/6	410.86	82.58	94.1
2024/11/7	407.06	81.81	93.74
2024/11/8	406.03	81.6	93.9
2024/11/11	408.22	82.05	94.14
2024/11/12	409.87	82.36	94.06
2024/11/13	408.9	82.16	94.17
2024/11/14	407.97	81.98	94.07
2024/11/15	406.09	81.59	93.99
2024/11/18	409.61	82.3	94.57
2024/11/19	407.14	81.8	93.97
2024/11/20	409.75	82.33	94.4
2024/11/21	411.13	82.6	94.59
2024/11/22	411.21	82.63	94.64
2024/11/25	411.87	82.74	95.05
2024/11/26	410.94	82.57	95.22
2024/11/27	410.79	82.53	95.34
2024/11/28	414.55	83.29	96.21
2024/11/29	413.13	83	95.96
2024/12/2	414.1	83.21	96.48
2024/12/3	414.44	83.27	96.55
2024/12/4	414.06	83.18	96.52
2024/12/5	412.7	82.91	96.66
2024/12/6	413.46	83.07	96.88
2024/12/9	411.2	82.7	96.56
2024/12/10	410.58	82.59	96.22
2024/12/11	410.94	82.71	96.31
2024/12/12	409.84	82.44	95.72
2024/12/13	409.72	82.39	95.9
2024/12/16	408.63	82.12	95.88
2024/12/17	409.07	82.2	95.99
2024/12/18	409.98	82.38	96.16
2024/12/19	414.73	83.38	97.26
2024/12/20	413.98	83.18	97.24
2024/12/23	414.67	83.33	97.29
2024/12/30	411.23	82.61	96.22
2024/12/31	410.09	82.42	95.97
2025/1/2	411.51	82.71	96.45
2025/1/3	414.81	83.37	97.09
2025/1/6	414.21	83.26	97.15
2025/1/7	415.71	83.58	97.79
2025/1/8	415.2	83.47	97.35
2025/1/9	413.8	83.2	96.7
2025/1/10	413.3	83.11	96.88
2025/1/13	414.27	83.29	96.98
2025/1/14	412.39	82.91	96.49
2025/1/15	411.24	82.65	96.51
2025/1/16	411.96	82.81	96.64
2025/1/17	414.07	83.21	96.96
2025/1/20	413.3	83.05	97.04
2025/1/21	412.22	82.83	96.87
2025/1/22	411.92	82.76	97.04
2025/1/23	410.74	82.54	97.39
2025/1/24	409.26	82.24	97.21
2025/1/27	408.75	82.14	96.91
2025/1/28	409.02	82.22	97.16
2025/1/29	408.01	82.01	96.96
2025/1/30	407.41	81.88	96.9
2025/1/31	407.91	81.97	96.82
2025/2/3	409.3	82.24	96.75
2025/2/4	408.06	81.99	96.56
2025/2/5	406.29	81.63	96.58
2025/2/6	407.05	81.79	96.74
2025/2/7	404.57	81.29	96.58
2025/2/10	405.16	81.41	96.76
2025/2/11	403.54	81.08	96.58
2025/2/12	402.21	80.8	96.39
2025/2/13	401.23	80.62	96.34
2025/2/14	401.25	80.62	96.37
2025/2/17	402.54	80.87	96.69
2025/2/18	401.71	80.71	96.62
2025/2/19	401.47	80.66	96.54
2025/2/20	402.45	80.84	96.43
2025/2/21	404.61	81.29	97.01
2025/2/24	402.65	80.89	96.79
2025/2/25	400.65	80.49	96.92
2025/2/26	399.79	80.32	96.56
2025/2/27	399.63	80.28	96.55
2025/2/28	400.51	80.46	96.3
2025/3/3	401.9	80.74	96.09
2025/3/4	398.22	80.02	95.84
2025/3/5	397.99	79.96	95.81
2025/3/6	400.24	80.42	95.83
2025/3/7	398.88	80.16	95.51
2025/3/10	399.14	80.19	95.35
2025/3/11	400.71	80.51	95.45
2025/3/12	401.02	80.56	95.42
2025/3/13	399.59	80.29	95.24
2025/3/14	399.99	80.36	95.71
2025/3/17	399.33	80.23	95.57
2025/3/18	397.95	79.94	95.23
2025/3/19	399.23	80.22	95.18
2025/3/20	399.36	80.23	95.16
2025/3/21	399.25	80.22	95.07
2025/3/24	398.44	80.06	95.23
2025/3/25	398.94	80.18	95.76
2025/3/26	400.28	80.44	96.02
2025/3/27	400.47	80.45	95.55
2025/3/28	402.61	80.88	96.28
2025/3/31	401.9	80.75	96.05
2025/4/1	402.89	80.93	96.33
2025/4/2	401.08	80.56	95.96
2025/4/3	400.62	80.49	95.88
2025/4/4	404.87	81.34	95.49
2025/4/7	407.98	81.96	94.94
2025/4/8	407.95	81.96	95.01
2025/4/9	408.63	82.09	95.46
2025/4/10	405.97	81.55	95.21
2025/4/11	409.43	82.26	95.26
2025/4/14	410.15	82.4	95.89
2025/4/15	409.96	82.35	95.89
2025/4/16	408.73	82.09	94.95
2025/4/17	407.65	81.89	95.08
2025/4/22	409.24	82.22	95.65
2025/4/23	408.55	82.08	95.27
2025/4/24	407.43	81.86	95.21
2025/4/25	407.22	81.81	95.38
2025/4/28	405.52	81.46	94.84
2025/4/29	404.2	81.2	94.78
2025/4/30	404.61	81.28	94.57
2025/5/5	404.31	81.21	94.55
2025/5/6	405.35	80.13	94.67
2025/5/7	404.6	79.33	94.63
2025/5/8	404.89	78.96	94.78
2025/5/9	404.61	79.08	95.39
2025/5/12	405.05	79.4	95.69
2025/5/13	405.21	79.5	95.29
2025/5/14	404.22	79.19	95.23
2025/5/15	403.25	78.98	95.19
2025/5/16	402.92	78.91	95.01
2025/5/19	402.82	80.25	94.13
2025/5/20	402.4	79.26	94.67
2025/5/21	402.6	79.31	94.95
2025/5/22	403.2	79.61	94.99
2025/5/23	403.38	79.82	94.82
2025/5/26	403.91	79.83	94.98
2025/5/27	404.58	79.91	95.24
2025/5/28	403.38	79.82	95.03
2025/5/29	404.36	79.78	95.42
2025/5/30	404.05	79.78	95.06
2025/6/2	402.95	79.65	94.6
2025/6/3	403.26	79.75	94.39
2025/6/4	403.29	79.74	94.24
2025/6/5	403.58	79.84	94.32
2025/6/6	403.53	80.03	94.1
2025/6/10	401.55	79.76	94.24
2025/6/11	400.55	79.68	93.92
2025/6/12	400.86	79.68	94.01
2025/6/13	402.51	79.98	94.21
2025/6/16	401.51	79.84	94.22
2025/6/17	402.9	80.2	94.25
2025/6/18	403.77	80.25	94.53
2025/6/19	403	80.09	94.26
2025/6/20	402.74	79.79	94.3
2025/6/23	403.66	80.08	94.48
2025/6/24	401.82	79.59	94.33
2025/6/25	400.89	79.38	94.36
2025/6/26	400.1	78.94	94.21
2025/6/27	399.4	78.69	94.26
2025/6/30	399.3	78.64	94.13
2025/7/1	399.09	78.62	94.08
2025/7/2	399.07	78.76	93.89
2025/7/3	399.83	78.99	93.76
2025/7/4	398.77	78.81	93.8
2025/7/7	399.67	78.91	93.98
2025/7/8	399.48	78.82	94.11
2025/7/9	400.61	78.93	94.48
2025/7/10	399.02	78.58	93.96
2025/7/11	399.66	78.66	93.88
2025/7/14	400.15	78.78	93.9
2025/7/15	400.29	78.8	94.08
2025/7/16	400.13	78.81	93.97
2025/7/17	399.43	78.76	93.84
2025/7/18	399.02	78.65	93.88
2025/7/21	399.09	78.62	94.02
2025/7/22	399.28	78.76	93.86
2025/7/23	399.23	78.74	93.83
2025/7/24	398.13	78.43	93.64
2025/7/25	396.32	78.15	93.16
2025/7/28	397.26	78.36	93.31
2025/7/29	399.4	78.68	93.45
2025/7/30	398.93	78.6	93.35
2025/7/31	399.81	78.75	93.7
2025/8/1	399.77	78.77	93.38
2025/8/4	398.08	78.45	93.13
2025/8/5	399.67	78.74	93.44
2025/8/6	398.43	78.51	93.03
2025/8/7	397.23	78.28	93.22
2025/8/8	395.96	78.05	93
2025/8/11	395.14	77.97	92.89
2025/8/12	395.96	78.12	92.9
2025/8/13	395.02	78.01	92.77
2025/8/14	395.44	78.11	92.77
2025/8/15	395.37	78.12	92.76
2025/8/18	395.66	78.18	92.98
2025/8/19	393.63	77.87	92.81
2025/8/21	395.84	78.24	93.09
2025/8/22	396.21	78.41	92.84
2025/8/25	397.1	78.57	93.16
2025/8/26	397.73	78.68	93.23
2025/8/27	396.29	78.34	92.93
2025/8/28	397.27	78.4	93.11
2025/8/29	396.9	78.18	92.99
2025/9/1	395.41	77.95	92.86
2025/9/2	396.48	78.1	92.95
2025/9/3	394.34	77.67	92.59
2025/9/4	393.85	77.58	92.55
2025/9/5	392.61	77.32	92.42
2025/9/8	392.96	77.48	92.5
2025/9/9	393.86	77.63	92.59
2025/9/10	393.91	77.65	92.48
2025/9/11	392.85	77.42	92.17
2025/9/12	391.61	77.22	91.95
2025/9/15	389.96	77	91.81
2025/9/16	390	77.02	91.74
2025/9/17	389.83	76.96	91.58
2025/9/18	388.62	76.66	91.3
2025/9/19	390.1	76.92	91.4
2025/9/22	389.73	76.77	91.36
2025/9/23	389.15	76.64	91.44
2025/9/24	390.28	76.84	91.45
2025/9/25	390.75	76.99	91.68
2025/9/26	391.36	77.07	91.72
2025/9/29	390.53	76.89	91.49
2025/9/30	391.11	76.97	91.6
2025/10/1	389.08	76.58	91.37
2025/10/2	389.36	76.59	91.45
2025/10/3	388.83	76.41	91.34
2025/10/6	388.52	76.33	91.37
2025/10/7	391.88	76.97	92.05
2025/10/8	392.6	76.95	92.29
2025/10/9	392.09	76.96	92.11
2025/10/10	390.39	76.61	91.67
2025/10/13	392.05	77.02	92.06
2025/10/14	392.92	77.18	92.13
2025/10/15	390.45	76.73	91.75
2025/10/16	389.85	76.61	91.7
2025/10/17	390.71	76.78	91.78
2025/10/20	389.72	76.58	91.92
2025/10/21	389.62	76.65	91.93
2025/10/22	389.83	76.69	91.86
2025/10/27	389.66	76.64	92.01
2025/10/28	388.45	76.4	91.73
2025/10/29	388.29	76.4	91.64
2025/10/30	388.46	76.38	91.53
2025/10/31	388.14	76.34	91.23
2025/11/3	386.98	76.08	90.99
2025/11/4	388.37	76.36	91.21
2025/11/5	387.63	76.23	90.99
2025/11/6	386.58	76.01	90.81
2025/11/7	386.25	75.94	90.91
2025/11/10	383.16	75.36	90.48
2025/11/11	386.06	75.93	91.18
2025/11/12	385.48	75.8	91.1
2025/11/13	383.93	75.52	90.75
2025/11/14	384.67	75.65	90.99
2025/11/17	383.95	75.51	90.91
2025/11/18	384.76	75.66	90.86
2025/11/19	383.55	75.38	90.42
2025/11/20	382.29	75.13	90.4
2025/11/21	384.27	75.51	90.42
2025/11/24	383.04	75.3	90.46
2025/11/25	382.08	75.09	90.33
2025/11/26	382.06	75.06	90.24
2025/11/27	381.75	75	90.3
2025/11/28	381.35	74.92	89.99
2025/12/1	380.5	74.74	89.98
2025/12/2	380.94	74.85	89.85
2025/12/3	380.65	74.79	89.97
2025/12/4	381.65	74.95	90.22
2025/12/5	382.08	75.03	90.27
2025/12/8	382.6	75.19	90.46
2025/12/9	383.48	75.33	90.58
2025/12/10	383.86	75.42	90.79
2025/12/11	381.77	75.01	90.26
2025/12/12	383.88	75.41	90.81
2025/12/15	385.14	75.66	91.28
2025/12/16	384.97	75.58	91.14
2025/12/17	386.96	75.99	91.79
2025/12/18	389.99	76.6	92.69
2025/12/19	387.24	76.09	91.98
2025/12/22	387.13	76.09	91.98
2025/12/23	391.19	76.89	92.52
2025/12/29	387.39	76.08	91.64
2025/12/30	386.4	75.82	91.36
2025/12/31	385.4	75.61	91.18
2026/1/5	384.41	75.51	91.28
2026/1/6	385.18	75.68	91.38
2026/1/7	384.82	75.61	91.39
2026/1/8	384.82	75.65	91.36
2026/1/9	385.9	75.84	91.59
2026/1/12	386.07	75.85	91.71
2026/1/13	385.97	75.84	91.65
2026/1/14	385.23	75.66	91.46
2026/1/15	385.91	75.84	91.72
2026/1/16	385.95	75.82	91.47
2026/1/19	385.97	75.81	91.38
2026/1/20	385.43	75.67	91.15
2026/1/21	385.56	75.67	91.2
2026/1/22	383.95	75.37	91.14
2026/1/23	382.59	75.09	90.98
2026/1/26	382.27	75.01	90.76
2026/1/27	382.08	74.97	90.89
2026/1/28	380.16	74.59	90.5
2026/1/29	381.57	74.88	90.7
2026/1/30	381.86	74.91	90.6
2026/2/2	380.55	74.67	90.37
2026/2/3	380.65	74.7	90.2
2026/2/4	380.93	74.76	90.17
2026/2/5	379.31	74.45	89.93
2026/2/6	378.61	74.35	89.79
2026/2/9	377.21	74.08	89.51
2026/2/10	377.35	74.12	89.51
2026/2/11	378.35	74.31	89.72
2026/2/12	380.62	74.74	90.36
2026/2/13	378.43	74.28	89.77
2026/2/16	377.64	74.12	89.74
2026/2/17	378.19	74.2	89.65
2026/2/18	377.76	74.17	89.62
2026/2/19	379.18	74.41	89.79
2026/2/20	379.08	74.36	89.73
2026/2/23	379.9	74.53	90.09
2026/2/24	379.08	74.4	89.83
2026/2/25	376.58	73.92	89.28
2026/2/26	375.13	73.61	88.83
2026/2/27	375.74	73.75	88.98
2026/3/2	379.21	74.4	89.64
2026/3/3	385.41	75.14	90.19
2026/3/4	385.93	75.71	90.4
2026/3/5	386.08	75.79	90.32
2026/3/6	391.29	76.82	91.46
2026/3/9	396.92	77.85	92.67
2026/3/10	384.86	75.56	90.43
2026/3/11	388.12	76.2	90.81
2026/3/12	387.55	76.08	90.93
2026/3/13	392.35	77.01	91.89
2026/3/16	391.67	76.9	91.71
2026/3/17	390.72	76.7	91.58
2026/3/18	388.7	76.31	91.2
2026/3/19	392.53	77.02	91.74
2026/3/20	392.93	77.12	91.88
2026/3/23	394.68	77.42	92.07
2026/3/24	389.5	76.41	91.15
2026/3/25	388.94	76.35	91.14
2026/3/26	387.87	76.11	90.82
2026/3/27	389.16	76.34	90.8
2026/3/30	389.48	76.4	90.93
2026/3/31	385.85	75.67	89.96
2026/4/1	382.52	75.01	89.25
2026/4/2	383.63	75.24	89.49
2026/4/7	381.41	74.83	89.35
2026/4/8	378.49	74.28	88.79
2026/4/9	378.13	74.23	88.7
2026/4/10	376.81	74.01	88.59
2026/4/13	366.33	71.93	86.18
2026/4/14	363.34	71.35	85.63
2026/4/15	363.74	71.44	85.85
2026/4/16	364.69	71.62	85.99
2026/4/17	363.87	71.36	85.91
2026/4/20	362.55	71.1	85.61
2026/4/21	361.83	70.96	85.5
2026/4/22	364.13	71.45	85.85
2026/4/23	365.85	71.83	86.07
2026/4/24	366.95	72.05	86.49
2026/4/27	363.48	71.38	85.63
2026/4/28	364.91	71.65	85.93
2026/4/29	364.44	71.44	85.67
2026/4/30	366.04	71.31	85.95
2026/5/4	363.02	69.82	85.31
2026/5/5	363.85	69.99	85.51
2026/5/6	359.42	68.58	84.84
2026/5/7	356.69	67.72	84.35
2026/5/8	355.14	67.77	83.99
2026/5/11	355.17	68.07	83.79
2026/5/12	356.7	68.42	83.96
2026/5/13	359.23	69.02	84.48
2026/5/14	357.97	68.76	84.44
2026/5/15	359.73	69.11	84.66
2026/5/18	360.4	69.15	84.94
2026/5/19	360.67	69.08	85.08
2026/5/20	361.37	69.1	84.92
2026/5/21	359.13	68.49	84.59
2026/5/22	359.16	68.44	84.59
2026/5/26	356.82	68.16	84.25
2026/5/27	355.15	67.83	83.77
2026/5/28	355.43	67.74	83.92
2026/5/29	354.52	67.56	83.77
2026/6/1	354.19	67.43	83.66
2026/6/2	354.98	67.55	83.85
2026/6/3	355.76	67.65	83.85
2026/6/4	355.14	67.53	83.78
2026/6/5	354.15	67.36	83.63
2026/6/8	356.38	67.94	83.89
2026/6/9	355.14	67.79	83.85
2026/6/10	355.84	67.92	83.76
2026/6/11	355.63	67.87	83.61
2026/6/12	352.82	67.37	83.05
2026/6/15	350.65	66.95	82.63
2026/6/16	349.73	66.86	82.34
2026/6/17	349.61	66.81	82.46
2026/6/18	352.11	67.28	82.7
2026/6/19	352.89	67.36	82.82
2026/6/22	351.99	67.2	82.43
2026/6/23	354.26	67.54	82.68
2026/6/24	355.37	67.72	82.91
2026/6/25	354.51	67.8	82.67
2026/6/26	354.04	67.58	82.58
2026/6/29	354.3	67.58	82.61
2026/6/30	355.05	67.69	82.63
2026/7/1	356.17	67.94	82.87
2026/7/2	355.31	67.9	82.81
2026/7/3	353.66	67.54	82.51
